﻿SREE_PAT_NAME,SREE_PAT_DOB,SREE_PAT_PHONE1
Leticia,17-10-1972,507086767
Nigar Begum,05-12-1969,505689071
Romilla,16-10-1961,509126718
Sanjay Dabre,12-08-1974,559006465
Bharath,04-02-1970,506769932
Abdul Gafoor,01-08-1972,505518868
Ninesh Undavia,02-12-1986,504661906
Renu Sharma,28-01-1971,552730148
Malavika Anilkumar,29-07-2006,523238453
Sarang Anilkumar,03-12-2008,523238453
Manya Arora,21-07-2012,509960718
Ashishvangh Contractor,21-10-1994,506544581
Lekha Sravanti Sabnis,14-08-2017,567520348
Valli Krishnan,11-01-1942,558867544
Akshay Rathore,11-01-2000,562042381
Dhamhodar Sharma,13-07-1974,552730148
Ajit Kumar,12-05-1983,556796597
Arjun Sharma,24-11-2000,569910892
Abhi Sharma,21-11-2001,569910892
Amsha Ranjani Srinivasan,27-04-1991,507458502
Hamshika,21-12-2000,503596279
Minati Ghosh,23-02-1955,555783415
Manish Navani,31-03-1969,563895318
Purnima Surendra,01-01-1987,506416585
Romana Farida,04-03-1967,529719508
Dhilna Dinesh,30-05-1987,501870783
Amina Khalif,15-01-1983,555518913
Hajibibi Sherullahbaig,01-01-1950,501577854
Stephanie Evans,16-02-2019,503966227
Aigul,24-06-1976,503573596
Nadine,15-04-1992,503966227
Madonna Raj,01-09-1972,507910741
Anjala,04-04-1973,504204216
Tangaraj,22-01-1988,526407277
Alkusha,30-06-1972,508842411
Rupal Kothari,03-03-1964,568544760
Surekha Sadana,06-04-1970,556621320
Tahseen Abdul Vakil,02-05-1988,552913742
Sachin Kolhar,08-10-1977,503507499
Prashant Jaiswal,02-06-1982,456007007
Shilta,22-05-1989,503059978
Anu Chandhok,08-02-1975,507224917
Shilka,22-05-1989,503059978
Tharanga Liyanage,05-10-1982,557625847
Padmshini,11-03-1979,502676853
Bhawana Kyan,02-01-1974,501440510
Shoaib Ahmed,14-07-1994,508852978
Mohommad Abdul,07-09-1986,503676707
Khaldoun,06-07-1971,564431060
Sahlal,04-07-1979,544401978
Khalil Nadine,12-04-1980,551921129
Sara Aldred,27-03-1966,564845537
Deve Aldred,12-07-1968,564776406
Sarah Alcheson,28-10-1983,507565614
Panthea Bheram,25-04-1973,553845373
Daniel Perez,28-10-1968,566596867
Niclla Futherland,08-10-1993,568963214
Ayaan Ali Muhammad Adnan Waris,14-03-2012,503919960
Reshmeen Shroff,13-04-1979,503919960
Sukuram Tamang,09-07-1981,502692004
Walid Cezar Chelhot,16-03-1990,585784728
Cynthya,22-07-1993,569496492
Samir Kilachand,21-05-1976,504549602
Alicia Laverny Zamit,20-07-1983,564845527
Carlot,26-11-1980,558499996
Duanettae,06-11-1983,506854218
Diana Saykali Saab,28-07-1981,565106363
Maryam Faisal Khaku,13-01-2010,529820588
Malik Basheerunisa Esuf Jahi,05-02-1984,504594482
Shiv Menon,23-11-1992,549906177
Arzu Kankaya,14-08-1978,504741907
Aizhan Meirambayeva,02-10-1981,585400432
Marwan,27-11-2021,544747877
Sivan Shitrit,09-08-1975,585167681
Bhambhani Sunayna Suresh,04-12-1988,554091723
Sheikh Muhammed Nadeem,01-01-1969,523801493
Amna Mohammed Lootha,01-07-1970,504123910
Essa Al Emadi,15-08-1996,506449557
Ahamad Al Kazim,07-03-2022,559492959
Marc Mesmar,10-01-1994,504122818
Elham Afrand,23-05-2022,507789383
Krishnakumar Thangavelu,19-12-1983,555295958
Abdhul Kamal,02-12-1995,582684168
Salama Mohamed Salman Alkhamis,25-02-1964,507848202
Omar Haroon AghaHaroon,06-03-1986,502019532
Faisal Abdul Qadir,16-06-1970,554725541
Iga Diana Dargiewicz,05-01-1989,551220953
Syed Sarfraz Gilani,15-09-1943,509504949
Syed Ahmed Murtaza Gilani,28-01-1975,509504949
Ebru Cinar,03-05-1974,569618606
Imrana Muhammad yaqoob,01-06-2003,504206916
Muhammad Aleem Abdul Rehman,10-05-1982,525320708
Sejal Shah,07-01-1994,503786739
Mahawatthage Done Chanika Diluni,29-11-1971,506552683
Sakineh Zobeiri,29-11-1981,505781155
Ali Zobairi,13-10-1951,505781155
Ebtehal Hamed,14-05-1980,501511025
Asif Khan,16-04-1991,557172442
Bassen,24-01-1981,562315753
Maya Abdul Malak,22-01-1971,502934934
Mehmooda Begum,01-01-1946,505990877
 Dr. Alfan Saghayir,26-03-1991,501648482
Sheikh Tariq,20-05-1932,506451403
Samina Durrani,22-05-1931,528282982
Alreem omar Abdulijail Mohammed Samei Al Mutawa,23-09-1991,552255022
Vidoushi Devi Ghurbhurrun,27-02-1984,501603970
Tatiana Campbell,02-09-1963,505516981
Sharafat Ali,30-04-1984,502962559
Mohommad,29-01-1969,504513414
Nicola Sutherland,10-08-1983,56896321
Juvel Lozano Vispo,09-06-1989,558190089
Snehalata Menon,29-04-1959,568329426
Maripat Barnachea,06-08-1981,505951913
Naeem,12-08-1968,528092808
Riya Sharma,02-07-2009,563243165
Gul Erana,01-04-1950,562169144
Mariyam Alguz,01-01-1950,543303280
Jelena Pereseina,18-07-1958,50222222
Sebastian Llie Stepanescu,08-05-1982,508390873
Jocelyn Corpuera,30-03-1982,506586723
Yevgeniya Izotova,02-05-1990,559941872
Elias G. Bekhaazi,20-08-1961,554149020
Hadi Mohamed Komaty,06-02-1973,566846653
Khadija Khalid Abdulla,17-08-1998,509552214
Eman Ebrahim Al Ghani,07-03-1973,556090657
Carlos Garcia Benito Lopez,07-10-1990,528216127
Nezar Ahmad Al Ghani,01-02-1998,558249220
Cornet Fransois,05-06-1975,971552143
Sunitha Arora,11-12-1958,508794677
Sumaya Abdulla,23-01-1974,503838702
Jamila Ibrahim,05-02-1971,503838702
Janara Habson,26-09-1983,562315755
Brian Soronio Pacenio,11-02-1982,564994081
Mohamad Saud,10-10-1988,555050060
Anita Maria Umar,04-02-1966,507173742
Lasantha Wickramasinghe,10-01-1968,504621170
Shanika Shiranthi,12-04-1973,507720334
Sripali lllangantilaka,04-10-1973,507084981
Renuka Rriyadarshani Kumari,29-12-1976,557877061
Moksha Illangantilaka,03-01-2008,507084981
Akmaral Orazaly,25-09-1991,504772509
Sumitra Thapa,19-07-1976,502434940
Shaikha Khalid Mohammed Ali,11-04-1989,502824554
Rumale Kami,02-01-1978,547749409
Alexandra Claudia Vacca,12-02-1989,562721100
Lea Atendido Combalicer,27-09-1976,508618565
Nilay Kamdar,09-03-1992,503786739
Mirgena Kullolli,06-02-1989,526125021
Yanen Zainab,12-02-1982,557503390
Ramin Artaman,15-03-2011,585400431
Rageen Mary Joseph,14-09-1979,524617581
Rainer Joachim Zint,08-12-2021,551231567
Sevgi Gol Gode,10-06-1982,508406494
Ghazala Ahmed Farooqi,05-07-1955,506971916
Nadezhda Grishaeva,07-02-1989,528893168
Jiya Dhirani,14-08-2005,507748845
Salma Mushtaq,03-03-1981,508342870
Ahmed Alkazim,02-03-1967,504503535
Shahed Kseibi,30-06-1986,554281474
Mohammad Hasan Ahmad Fardan,10-01-1967,506530040
Mohammed Farhad Chy,02-03-1985,562709095
Aya Mohamad F Arab,28-06-1988,557490439
Judy Khaled,03-06-2013,501511025
Arunachalam Palaniappan,06-09-1964,555378395
Shuba Balaji,17-04-1967,528888651
Varsha Subudhi Budankailu,26-10-1991,504651011
Kumaran Manoharan,28-05-1983,503218262
Divya Chanrachoodan Indiradevi,09-08-1981,501573354
Pushpa Bhatia,05-07-1946,559501093
Satvik Balaji,31-05-1994,508711162
Meeta Hitesh Prakash Vinod Katkoria,18-11-1972,556058891
Parag Hasmuklal Shah,02-03-1972,553524979
Dharmedra  Rampal,21-10-1972,564174667
Bhumika Tulsani,03-11-2008,508665970
Santosh Kulkarni,01-02-1982,569969839
Dakshana Raja Murugaiyan,22-11-2004,553915328
Aadhidev Arun,25-09-2017,559531379
Anish Thomas,05-12-1981,502652359
Bansari Kamdar,05-02-1990,506536057
 Shanmugapriya Gopal,05-09-1976,504518781
Misbah Musharaf Mohammed manzoor,25-08-1977,589475748
Adhya Kamlesh Vyas,02-11-2012,507881749
Megha Menon,01-11-1991,567647222
Sendhil Kumar Annamalai,21-09-1967,545714811
Anmol Mehtani Mahesh,23-11-1996,549906177
Amritha Nair,29-07-1969,509873443
Raniya,28-11-2021,504527060
Raniya Kunal Lahori,07-01-1982,504527060
Aruna Krishnan,03-03-1975,504988257
Diviya Ganesh Sudarsanan,14-09-1980,562768342
Anoop Haridasan,04-03-1990,505181299
Adria Riona Carnelio,21-11-2012,508685662
Aarti Pankaj Bhatia,26-08-1978,505451474
Vimala Solanki,18-11-1958,557979202
Kumal,04-06-2022,507559177
Mariyam,09-06-1987,585919106
Ananya Aima Sandeep Aima,28-01-2006,506206012
Anuradha Menon,17-02-1973,509947649
Rajasekharan Menon,21-11-1968,509947649
Petula Victoria D Soouza,01-10-1983,508535600
Abhirami Venugopal Rajappan Nair,16-07-2001,502045475
Anila Karunakaran Nair,07-12-1970,506569402
Biplob Kumar Nath Chandra Sekhar Nath,30-07-1967,528785317
Simmi Mathen Mani,07-09-1967,507361230
Peter Paul Crasta,24-04-1981,505659197
Himanshu Jiten Parikh,16-07-2007,555890014
Judith Scythal Kenny Peter Aegitius,09-03-1976,506521009
Reghuraman Radhakrishna Menon,25-05-1963,505991292
Lavita Neena Menezes,07-12-1991,527581768
Johnson Lakra Augustine Lakra,13-01-1980,529938431
Pradip Ratanchand Surana,22-10-1976,501544556
Reena Chauhan,14-04-1980,562164430
 Nadamuni Ranganathan Venkatesh,05-10-1956,504544725
Harsh Kumar,13-08-1993,585049465
Vasantha Venkatachalam,20-01-1945,503071204
Suresh Varma,24-02-1981,554372705
Asha Aidashani,04-12-1964,506246529
Manisha Dinesh Khandelwal,18-02-1992,508919700
Sivasankara Pillai,25-04-1968,502503989
Rohan Savio Richard,24-11-1980,506004669
Sudhir Vijayan,05-10-1974,504772901
Shannu Sarvodey,16-08-1991,589007068
Ribeesh Thalhrem Hause,16-01-1984,559260276
Mohandas Shenoy,20-04-1970,507397720
Salim  Aboobaker,27-03-1953,506528580
Pooja Purushotam Nair,26-02-1984,563817944
Namashivayam,17-05-1982,556267523
Poonam Manghnani,11-08-1964,506242568
Apoorva Arya,26-01-1998,503934676
Chuya Das,24-04-1960,526454789
Rana Pratap Bisakhi Ram,26-04-1950,506675748
Vasanthapriya Govindassamy,06-04-1935,566240670
Rama Prasannan,23-02-1962,507679476
Sudharshana Bharathi,29-10-1979,551013368
Tarun Mukherjee,12-09-1952,551974521
Madhu Bachwani,16-02-1959,503876750
Rashid Bapputty,17-06-1971,554394365
Melina D Cruz,28-09-2012,558015993
Prashant Suresh Deshpande,23-01-1973,551094990
Jayan Balakrishnan,21-05-1970,504709367
Hasmukh Kamdar,09-04-1953,506536057
Sudhi Sam,04-12-1974,507083059
Parthasarathi Sadasivam,01-05-1979,555914977
Jojo Jacob i  c Chacko,15-05-1964,506227828
Aruna Kumar Nagappa Shetty,06-01-1965,506757002
Pramod Nair,10-03-1975,553007988
Bhavin Shah,21-09-1966,566016883
Lakshmi Naryana,06-01-1963,504562791
Giri,31-08-1974,552230800
Malcolm Jude Noronha,07-01-1966,566830355
Jagriti Ashok Kumar Khairajani,27-07-2018,556140276
Shobha Chandnani,20-01-1961,554495302
Aneel Dhirani,09-04-1980,558806572
Girija Pawate,15-05-1951,508207736
Suresh Gehi,09-11-1952,506517545
Kavitha Nithyananda,15-07-1985,502573761
Seema Pandey,15-09-1977,502923978
Deepayan,17-10-1955,526454789
Kailash Devi Choubisa,23-08-1946,529833861
Nutan Patil,11-11-1971,505345773
Wasim Sulthana,26-07-1960,503847609
Asha Vasanth Sha,01-06-1944,503401243
Brijesh Balan,10-11-1979,502536619
Dr Rajaram rambhau jagdale,20-06-1980,568547247
Anuradha Aima Rajendra kumar,11-12-1972,506206012
Sivaram grandhe,28-04-1980,503919960
Nishish Ramesh Chandra Saxena,04-05-1984,551503850
Milan Mattteo Ammimaeni John,11-09-2015,507783060
Mahalingam Govinda Swamy,22-06-1963,504957640
Chandrashekar Ramaprasad,05-03-2002,551003850
Vikas Kumar Tunwar Rajendra,03-01-1981,527101999
Champa Kali Majumder,01-02-1961,502733545
Sneha Goel Anil Gupta,14-06-1988,559338668
Monisha Ajay Chhugani,12-10-1967,559791098
Anna Patcy Genevera Goveas,15-02-1973,505921195
Sheela Srinivasan,09-09-1971,508478003
Atharv,12-04-2020,566618544
Kashika Sajnani,13-09-2022,585049465
Neville Sharif Hamid Arif Sharif,13-03-1968,504989700
Mangala Phule,14-04-1953,501505478
Daniel Jonathan Rego,26-11-1989,561737905
Sandip Dattatray Jadhav,07-03-1982,509920419
Saket Vijay Narul,07-06-1976,544415464
Sagar,13-01-1984,66462068
Renji Abilash Rajan,24-05-1986,501281955
Karan Ramchadani,11-07-1983,504509656
Anitha Karthik,07-02-1984,585131456
Thyagarajan Viswanathan,07-02-1982,503095925
Sujith Kurian,29-05-1976,555266299
Dr.Ravi,06-12-1965,504534574
Rethi Gopakumar,30-05-1971,504541300
Satnam Singh,22-11-1976,557230478
Karthick Krishnan,21-05-1979,505594720
Lenin,05-07-1973,557653960
Sanjy Krishnan,31-07-1967,504585572
Sucheta Hundekari,03-10-1976,501547082
Jotiba Amrut Patil,15-06-1972,504984172
Sreejith Sreenivasan,28-12-1985,524543070
Reshma Kumar Mulani,16-06-1976,507705610
Deepak,14-05-1977,505850299
Vineeth Ramachandra,11-03-1976,506344351
Amith Kumar Guduru,26-11-1981,505501176
Chandrasekaran Subramaniam,24-07-1977,552002148
Deepali Ramesh,31-01-2021,555517734
Mohammed Sabeelillah,13-11-1987,501157643
Girija Nair,25-12-1980,557159314
Shakuntla Aggarwal,09-05-1958,506340631
Dulcie Esther Chacko,14-06-1975,555100851
Sugunamma,02-05-1952,503409091
Shakthivilraja,01-07-1984,527510926
Sekhar Ellanti,15-04-1973,509639246
Deepak Mandal,31-03-1969,562774428
Suraj Vittal Kotiyan,20-05-1982,505744975
Banumathy,06-12-1968,506515088
Praveen Bhandari,07-05-1970,505488326
Jeevan Shetty,22-01-1982,551094639
Prashant kumar,12-11-1977,562695330
Krishnan Sankaran,22-12-1967,566826422
Shreekha,19-05-2017,505371866
Gunasekaran,05-02-1954,507029067
Aariv Gidwani,17-09-2010,503580819
Shloka Desai,06-12-1993,507388728
Sunil Kumar Mavelil,17-05-1976,502843239
Yasmin Malcolm,21-02-1968,566830355
Pranav Nitin Agawane,28-11-1991,555786655
Jamnadas Rupani,22-03-1950,506226083
Naveen,29-05-1978,508794029
Girish Shenoy,30-05-1977,529849180
Rajan Ahluwalia,02-09-1961,556630877
Muthahara Niamathullah,22-01-1971,503878700
Jaivardhan,17-03-2004,581979551
Anjana Narayan,05-02-1977,547557302
Neelanjana Sinha,17-04-1976,568969726
Gishnu Sadasivan,06-05-1982,524838212
Saritha Santham,14-11-1983,504288504
Sashi Kala Kurada,02-05-1974,505759332
Unnikrishnan Nair,09-11-1947,54288504
Sandra Machalil Sanush,09-01-2010,567810828
Mahesh Kumar Gopalapillai,30-05-1984,561095198
Shivachand Ram Sharma,02-04-1973,557354757
Krishnan Sampath,12-07-1964,504580354
Jaya Kaamakshi,24-12-1988,522215311
Padmavathy Rajagopal,03-12-1970,552467210
Unnati Prakash,19-06-1982,553509018
Ravi Banga,31-07-1974,581805752
Kiara dsouza,05-08-2011,559103659
Sanjay  Kumar Chokhani,22-09-1969,505456746
Keith DMello,03-10-2011,508439545
Swatantar Abbi Om Prakash,01-05-1949,588508899
Pavan Rohidas,01-11-1988,501284512
Amoha Aima Sandeep,28-02-2006,506206012
Ashima Panday Shukla,28-07-1983,503957278
Meer Nazia,09-05-1985,588693400
Sujata Harish Kumar,12-07-1969,504602855
Dimple Rego,01-09-1978,504760292
Tiasha Sarath,31-12-2015,503919960
Reshma Rajendran,05-02-1991,528092808
Kota Sunil Patro,16-06-1985,566102928
Jisha Shaheem,16-04-1979,501372931
Annapoorani Vasan,21-01-1978,503628269
Ferheen Khan,07-12-1985,564778620
Siddalinga Swamy,28-05-1974,528052120
Monika Baid,10-11-1981,556220082
Rashmi Prajeesh,01-02-1982,553406505
Urmila Ramesh Gandhi,19-01-1951,503842821
Aloke Haridas Dey Dey,16-05-1959,523397382
Shivaraju Maduvadi Govinda,05-01-1993,561770398
Pradheep Kumar Ranhanathan,04-06-1977,563034077
Sivakami Pradeep Kumar,05-06-1981,563034077
Romel Stephan Moras,01-02-1991,505266531
Rajiv Kumar Tewani Tewani  Vishnu,31-10-1960,559950308
Sachin Shriam Kulkarni,03-07-1979,505521346
Chandini Sinha,23-08-1991,556254874
Ashok Natarajan Chinnavetrayan,09-02-1980,553775479
Alena,08-01-1996,569200326
Harsha Vardhan,20-09-2021,557638765
Jhamnani Haresh Vishindas,22-12-1972,505250569
Manisha Dinesh Khandelwal,18-02-1992,508919700
K Gangadharam,20-09-1973,505759332
Vinesh Nair Venugopal,09-10-1973,502020165
Rasmi Kannan,28-11-1981,507342341
Apoorv Soni Kailash,22-04-1988,568857220
Anuja Lahorti,11-09-1984,502934649
Rajshree Sunil Kumar,05-04-1980,502843239
Jyothi Nath Acharya Chandra,21-12-1971,503992679
Virupaksha Mavinakere Doddabasappa Shetty,06-05-1977,567689236
Vikram Shukla Jnr Shukla,08-09-1983,554034079
Jitesh Phulwani Ram Chand Fulwani,30-12-1989,569150485
Aditi Ashish Satle,12-04-1982,562139182
Leena Pankaj Sinha,20-11-1964,582874637
Jiten Hemant Bhai Parikh Hemant,19-08-1975,555890014
Vidhya Sasi Sasi Nidumboyil,05-01-1986,545191141
Arivelavan Rajagopal,04-07-1985,557897601
Nicole Lorraine Nazareth,07-12-1980,505290828
Mohammed Khaleelullah Mohammed Noorullah,03-05-1986,555786655
Srinivas Dhulipala,07-05-1970,507641894
Samyuktha Raghuraman Menon,11-09-1996,503081575
Pranita Priya Ashok Kumar Verma,25-10-1979,551752685
Flames Francis,16-01-1994,557236848
Risabh Kumar Binod,13-07-1989,521687955
Ramesh Mahadevan Ramaswamy,14-01-1977,506451409
Santhanu Raghuraman Menon,05-10-1999,505991292
Jonathan Sean Fernandes,11-07-2008,506521009
Jocelyn Antony Pinto,13-09-1988,527581768
Dr  S V Kittu,06-07-1938,559068555
Shwetangi Joshi,23-06-1982,551348872
Harikumar Srivatsa,22-09-1999,507748175
Zara Omar Haroon,13-05-1986,502019532
Priyank Joshi,25-02-1981,507027549
Jasmine Dmello,18-11-1979,564751151
Ravi Bhatiya,08-05-1973,561072309
kavya Shanthkumar Anandan Shanthkumar,27-02-1987,557508068
Karthick Sekar,11-06-1988,551540379
Srinivas Mulagaleti,13-10-1969,501061995
Shobaraj Nagaraj Nagaraj,16-10-1992,501776148
Sumita Parikh Shivsingh,07-08-1974,555367762
Lakshmi Raghuraman Menon,04-10-1969,503081575
Ganesh Poojari,23-01-1989,521241669
Diyali Bhalla,07-09-1968,507184151
Subadra Venkatesh,15-03-1963,504544725
seema gupta,24-05-1971,501483787
Santosh Dattaram Kamble,25-04-1983,552618232
Yogita Pant,06-06-1976,508602294
Deepa Pradeep Thodimarath Venugopal,20-04-1963,563441716
Stuti Malhotra Vijay kumar Narula,07-07-1980,545008926
Girish Shripad Mutagi,10-04-1969,544673451
Naina Sameer Soni,14-08-1978,555780212
Shaikh Mohammed Saqib,18-06-2013,588693400
Sanjeev Kumar Jain,31-03-1978,553132032
Masoom Reza,09-11-1984,551364490
Atul Prakash,27-11-1967,506540072
Madhu Soodanan,31-05-1977,566985240
Sumit Malhotra,11-10-1979,556709982
Roshan M V,08-01-1975,507813586
Sandeep Aima,18-08-1970,506206012
Neena Gogia,26-10-1955,554585642
Sunitha Goswamy,29-07-1954,585827033
Dr. Kundan Das,15-06-1962,505283796
Vijuraj Thandalath,25-10-1976,502952321
Alok Choubisa,09-09-1969,529835914
Vishnu,26-05-2005,507813586
Bhavika Manohar Godhwani,02-05-1970,501899599
Jacky Pawan Tolani,04-07-1983,505250093
Gaurav Dixit,01-05-1975,504460178
Rajnish Nirmal,16-06-1972,509256789
Joanne Maria Rocha,28-09-1978,558882374
Sandeep Narendra Bhatt,15-11-1972,504564462
Harish Kumar Chibhir Malani,27-10-1974,554296059
Tanishqa Kamal Kotwani,21-12-2003,506764144
Usha gupta,27-11-1962,505516526
Ashish Shukla,05-02-1985,561329915
Kushboo Mishra,19-04-1990,565014760
Puneed Badola,14-03-1984,503919960
Tarona Agarwal,02-01-1986,523475516
Shilpa Bircnkumar Jasani,22-09-1966,503919960
Veena Malya,09-10-1984,502566519
Grece,01-05-2019,551007549
Reddy Singri,09-05-1981,503036597
Soniya Nilaramani,13-10-1987,569669195
Merlin Pinto,13-05-1971,506973854
Shailesh Desai,02-04-1984,525115677
Sindhu,06-12-1976,508830275
Jayavani,18-09-1979,501218304
Dipika Singh,14-12-1976,502643700
Rathi Devi,01-03-1985,52828847
Reeta Malya,09-04-1984,502566519
Mahima Saran,25-08-1985,564276286
Savita Naithani,03-12-1962,509539858
Payal Tanna,08-12-1993,556601097
Priya Khnna,03-09-1978,564179579
Marina,10-08-1969,505488472
Kaurkanwalieet,19-01-1970,552249605
Pitricia,28-12-1987,504512279
Sujatha Kemmani,23-09-2019,507492520
Praveen Radhakrishnan,10-12-1980,529191250
Tushar,28-08-1979,506457853
Thomas,20-05-1988,523492457
Dr Keshavan,02-02-2020,506143121
Amrita Shah,10-02-2020,529215112
Roopa,10-02-2020,563608981
S.P Pasricha,10-02-2020,506100975
Vidya Krishnamurthy,10-02-2020,556413482
Sharda,10-02-2020,585667839
Mabel Kelly,10-02-2020,506893649
Manol Kumar Sharma,10-02-2020,507550201
Sarah Young,10-02-2020,569749386
Mina,10-02-2020,503365023
Dipu George,10-02-2020,524248887
Shaly,10-02-2020,554248887
Balasubramaniam,10-02-2020,508816975
Fsarah,16-05-1980,506132300
Walter Quadros,17-11-1971,504642463
Madhu Abraham,19-03-2020,551077330
Sruthi Suma,25-04-2000,555315730
Saroja Devi,03-01-1963,564616165
Kaushal Chenuttuvan,09-02-2006,503619489
Ritika Garg,30-07-2000,561889144
Jiya Neekhra Raghvendra Nikhra,15-03-2007,558251643
Neha Pareek,25-09-1985,524403054
meeta  Sushil Bhatia,22-05-1980,507498743
Mahendra Jewaher Asar,12-06-1978,507498743
Arawa Master,12-08-1995,547927368
Sonia Virendar,19-09-2020,558006966
Mohan Singh Mehra,09-12-1980,507282863
Tumulu Sanjeeb Kumar,21-02-1972,505987268
Sreelatha Madhavan,30-10-2020,589613672
Muhammad  Kamran Younas,12-03-1989,528673462
Prince A John,20-10-1993,522872775
Nikhil Sarjerao Surve,23-09-1992,521791403
Gurdeep Singh Bhalla,10-01-1954,506442519
Abdulla Ashehhi,11-02-1979,506677421
Saurabha Dhanak,22-11-1989,565493633
Yassim Vakil,01-02-2021,506455471
Akshatha Rao,08-11-1980,507781389
Kalpana,11-06-1975,504675792
Gurbhej Singh Hazara Singh,23-03-1974,569139671
Rukmini,14-02-1940,529549745
Sudesh Rani,31-03-1965,506032006
Rakhi,17-11-1971,555537016
Jaya Gidwani,26-09-1956,503542399
Neelu Rohra,14-02-1961,505385196
Amandeep Kaur,18-03-2022,551300844
Kadavathu Purayel Jayachandran,16-02-1950,505821751
Cinderella Sequeira,27-03-1992,563036737
Reshma,05-10-1981,582072981
G Mahalingam,22-03-1969,504957640
Siraj,11-07-2022,557979202
Alok,15-07-2022,523397382
Rosetta,15-07-2022,563662480
Millybanga,15-07-2022,585400124
Praveen,16-07-2022,507620915
Pradeep,16-07-2022,507620915
Vedya Shajit Kumar,02-10-2007,502058637
Jagurthi Soni,17-07-2022,525175799
Sagar Arun Kumar Sharma,09-11-1990,527208528
Shebin,23-07-2022,582975576
Vinay Kapoor,26-07-2022,506507492
Vinod,01-08-2022,551911780
Vijay,01-08-2022,551911780
Kavita,03-08-2022,507700530
Jyothi Nath,05-08-2022,503992679
Subadra Venkitesh,07-08-2022,504544725
Alaya Bhalla,15-03-2004,507184151
Nanda kumar,18-09-2022,557990154
Jasmine,18-09-1979,564751151
Hoshner Parvez Dumasia,21-11-1978,555477025
Kalpana Gandhi,11-06-1975,504675792
Jagriti Ashok,27-07-2018,556140276
govind,06-10-2022,503919960
Shanker,14-10-2022,508686517
Momena Adnan Muhammad,01-08-1990,503547110
Sooraj,20-10-2022,528058499
Vidhi,25-10-2022,552676932
Jasful Ashif,28-02-1993,526499369
Rahul Goswami,10-08-1979,566627033
Jibi Ashokan,07-01-1985,565867892
Zameer Iqbal,21-12-2013,505086336
Maira Iqbal,13-09-2010,505086336
Maharajan,17-07-1989,559076288
Shoba Ravendran,21-05-1969,503057550
Ramdas Mani,17-04-1978,503496814
Vasathpriya Govindassamy,06-04-1935,503919960
Sijo Thuruvelikunnel Jose,18-12-1983,555696119
Chhaya Shah Rahul,31-05-1986,556310180
Tarun Agarwal,12-04-2022,523475516
Kanika Julka,04-01-2022,502064543
Madhumitha,03-06-1983,566387302
Joy,06-01-2022,561358798
Jayalakshmi,28-02-1940,506240107
Pavan Grover,19-10-1982,556933828
Anitha Ram,30-05-1977,503282430
Shitika Dogra,29-09-1991,556190548
Sadik,17-06-2021,521714400
Rinki,28-10-1981,505635295
Maria Theresa Dushani,28-06-1981,561796028
Amrita Sabhapathy,01-03-1995,505095417
Alladi Shym,23-04-1971,501708932
Hari T Bharathan,20-04-1975,508489917
Amit Bahl,19-09-1972,555677486
Wilson,01-07-2021,1234
Anastasia,01-07-2021,52707148
Jithender,26-02-1977,509461288
Sindhu,02-02-1975,505546954
Shashiraj,02-07-1954,504562754
Prashanth,30-05-1974,503829137
Nikkisingh,10-07-2021,505547489
Vini,18-09-2002,545073045
Tina,06-09-1986,564941026
Dr Rahul Sankar,18-07-2021,507620915
Moza,08-03-1997,528870073
Naziya,19-10-1980,504689235
Srilekha,12-05-1983,508514042
Preethi,08-03-1975,561107956
Ali,01-08-2021,508883555
Kamal Kishan Kotwani,10-08-1969,506764144
Rivan,19-02-2004,507881749
Sabiya yasmin,17-02-1993,501157643
Jyoti Chandra Choudhary,07-04-1964,502440016
Mohammed,14-08-2021,564031981
Harib,30-03-1969,506561666
Saritha,17-09-1988,552050058
Rasheef,20-02-1983,565309213
Anitha,10-05-1979,562171279
Sajana,28-09-1991,507456981
Anushka Rawat,08-06-2004,509226815
Simran Sajanai,22-09-2021,558816343
Manoj,25-08-1970,504627544
Shalini,14-10-1977,509226815
Advik Bisaria,05-02-2017,556377587
Sapna Bansal,12-12-1976,504281703
Mangesh,02-01-1979,501208702
Shakira Begum,09-03-1950,589475748
Gifti,06-02-1980,527205634
Nivesh,13-02-1985,503983699
Priya,08-11-2021,564067563
Latha Shivaprasad,20-02-1961,52145115
Ashik,10-08-1998,508092808
Rajeev Kapoor,17-12-2019,585151200
Shivam,25-01-2020,0
Rajeev Sharma,18-10-1959,569558587
Prasad Balakrishnan,15-04-1965,506242676
Venkat Pardha Saradhi,05-02-1968,504129772
Vadassery Mohanan Lenin,05-07-1973,557653960
Venkatesh,22-10-1990,506486443
Aravind Kulkarni,17-01-1982,562160543
M Pradyum,26-12-2003,508564504
Rohith,08-09-2020,501942942
Jagath Gopinath,21-05-2003,506718025
Vishwanathan,10-06-1967,559407063
Kallinga Valappil Asaraf Moosa,03-05-1975,551192196
Gurukalyan Nayak,18-07-1978,551041848
Minaal Adnani,10-01-2021,502416645
Soumya,02-02-2021,504943899
Giri Prasad,15-02-2021,501294664
Mysore Srinivasan Srivatsa,20-08-1957,553454828
Devid Corcker,11-09-1986,509775406
Moolchand Khemchand,14-12-1944,557776989
Shivan Sharma,27-04-2021,524484359
Satish Jain,03-12-1970,505946552
Vikram Surana,15-08-1982,552949179
Bhupendra Mathuradas,06-04-1953,506569511
Priyank Jain,09-01-2021,501476625
Dr.Rahul,12-11-2021,507620915
Vishal Kumar,17-12-1983,526254004
Arun,12-11-1974,503606215
Sreejith Madhavan,27-11-2021,508448656
Malcolm,07-01-1966,566830355
Harish Ramchandra Bilgi,29-11-1965,564999608
Ajat,14-12-2021,568824608
Unmesh,18-05-1977,526455200
Kavindra Singh,31-07-1979,551232032
Anoop,13-10-1986,525503353
Sebin Moothedathu Paramb,17-05-2023,528102360
Mohammed Sabeel,30-12-2021,552870143
Aadarsh Sharma,03-01-2022,501545035
Jharna Tejvani,03-01-2022,565353484
Shibu Krishnan,04-01-2022,505813974
Pramith,22-01-2022,564733584
AnuBash Jain,24-01-2022,504869489
Brajesh Kumar Singh,07-07-1970,523184173
Preeti Singh,31-12-1971,509507547
Rayan Calvin Carnelio,01-06-1981,585419811
Ritesh Mohanraj Sand,12-09-1979,529456072
Nitish Bhardwaj,28-03-2022,555920619
Deepak Dhirani,24-04-1979,557361033
Johncy Mohan,01-02-1992,507945345
Shivaram,30-05-2022,566378160
Neil,30-05-2018,503542399
Santosh,22-06-2022,552243692
Surya,29-06-2022,562164430
Sunitha,11-03-1974,552839831
Kusum,24-04-1984,554319505
Roxanna,25-09-2005,507598446
Rajeshwari Pandi,01-02-1976,503610140
Sampurnima Subramanyam,11-04-1981,504758486
Manonmani Subramanyam,12-07-1975,504752756
Tanya,28-08-1980,505116191
Sheru Rajan,05-07-1976,502413016
Meha Shukla,09-01-1988,569266097
Eyamini Agbbalangan,24-06-1967,505517984
Deepa,20-06-1960,506598252
Aaiza,09-12-2019,556542587
Mamtha,12-12-2019,508810741
Varsha Jethwani,14-12-2019,505582124
Sarah Rachel,25-06-2008,529024634
Reshmeen,13-04-1979,568874664
Rakesh,16-06-1968,504934738
Anusha Kamlesh,31-10-1989,544112415
Anitha Jagadeesh,25-01-2020,0
Sameeksha Ajit,29-11-2009,505527150
Puja Vikram Lalwani,06-10-1973,507356239
Rajani,12-03-2020,504514164
Priyanka Sharma,16-05-2020,555451378
Gokila Ravibalan,25-12-1988,561317324
Shweta Lalwani,09-12-1994,509046881
Madhu,13-01-1982,545583492
Vineetha,06-07-2020,555485190
Harsha Juraa,31-12-1953,558837963
Pereira,16-10-1974,507158851
Sana Siddiqui,14-10-1984,502681108
Remya Aneesh,30-05-1980,564038127
Vinitha Sha,07-01-1974,561169755
Sneh Lata sen,25-09-1985,551814799
Jayasheree,10-12-1973,566038089
Nimmy,14-11-1983,551485963
Janki Oza,19-12-1982,553880036
Lavanya,08-08-2005,504585572
Seema Vijayaran,11-09-1974,507572198
Vipani Alkesh Jesal,14-11-1972,507143867
Nadya,03-01-2021,558805979
Neetu Adnani,10-01-2021,552319449
Muskaan Adnani,10-01-2021,507880661
Asha Rajkumar,07-11-1975,554026249
Swathi Guduru,14-03-1987,567932858
Smitha,29-05-1979,504761725
Deepthi Hariprasad,11-04-2021,566333211
shanthani,14-04-2021,556254874
Patricia Edith,25-08-1951,506554317
Tiara Chacko,19-01-2001,506554317
Anshul Khullar,22-01-1982,509331542
Snita Surana,25-10-1980,552949179
Muskaan,22-08-1998,507880661
Yashitha,06-07-2009,552839831
Gokila,25-12-1988,508798739
Anuradha,03-11-2021,42832947
Munnu Swamy,28-11-2021,552400360
Seema Suri,04-07-1962,561679220
Sobha C,09-01-1961,551092211
Shailaja Hulihalli Vasa Reddy,22-07-1973,565010247
Deepa  Iyer Chidambaram,11-09-1979,563480060
prisella,26-12-2021,508211795
Smitha,03-01-2022,554740962
Riya Rajeev,12-08-1997,504596603
Rimpal Sharma,11-01-2022,504771500
Jiya Navani,26-01-2022,551092211
Malvika,04-02-2022,556031645
Sareeda,12-02-2022,504081786
Owais,15-02-2022,505214787
Rumi,15-02-2022,502252924
Subha Murali,23-10-1973,555548696
Sueli,28-02-2022,551194917
Upma Koul,28-02-2022,505538071
Rinu Kurian Joseph,13-03-1993,564417419
Rozina,23-03-2022,503227670
Zainab,29-03-2022,508466456
Sunitha Narnoli,14-04-2022,523495686
Indra,15-04-2022,557979202
Ashapoorna Pattuvakaran,16-05-1981,501056195
Kiyan,22-04-2022,509103659
Falguni Sandeep Raval,25-09-1983,551645957
Sudha Bhatia,13-05-2022,502184041
Joyce,20-05-2022,543458951
Claudia Lewis George,01-08-1992,564564846
sanjana,12-06-2022,557578939
Sandhya,27-07-2022,547853037
monica,07-08-2022,585985467
Shabana Mohamed Jaffer,03-11-1985,547503398
Isthikar,15-09-2022,556029381
Pramila,23-03-1943,527559402
Kavitha,25-10-2022,559570925
Jaya Lakshmi Anand,11-07-1979,506302334
Charlotte Georgina Fernandes,03-08-1982,509691274
Sindhu Harikrishnan,21-05-1968,506586725
Arun Mohandas,29-12-1987,551217871
Prasanna Chachan Mahesh Kumar,09-01-1978,507145711
Ani Chacko,12-10-1970,506554317
Shivam Sharma,22-10-1990,569571893
Nameeta Sanjeeva shetty,21-09-1975,503635023
Karishma Thawani,23-03-1991,529091622
Pushpa Dewani,22-05-1983,508493973
Mala Shah,08-08-1967,552866733
Sathya Sujith,17-05-1986,556783989
Geetha Laxmi Kalahasthi,28-04-1978,552400360
Suman Arun Kumar,12-04-1971,527358894
Vanshika  Ahuja,25-05-2009,505398056
Biji Gopinathan,09-04-1976,555520493
Pranessh NandaKumar,28-10-2014,557990154
Jumana Kutbuddin,13-05-1988,504254055
Reshu Sharma,25-01-1979,581587677
Shinky More Santosh Kumar More,13-03-1986,523049601
Ashish Chandrakant Shah,26-08-1967,555264547
Roshni Viraf Raimalwala,29-01-1959,508585903
Mohamed Imran Nizamuddin,14-08-1982,588693400
Binita Gandhi,19-10-1970,566021790
Pritika Veera Dsouza,09-01-1989,509185723
Rasik Thakker,17-10-2022,506444431
Pragnadevi,25-01-1981,528957312
Brijesh Dhruve,23-02-1980,588424939
Kanaan Bala,03-03-1955,526504819
Laxmi Mukund Iyer,28-11-1979,502199716
Alladi Shym Rao,23-04-1971,501708932
Sadhik Basha Sikandar,08-06-1986,505865108
Suresh Kumar,02-05-1965,503559703
Jaya Prithviraj Gidwani,26-09-1956,503542399
Rajni Sharma,25-12-1945,551232032
Ali Akbar,11-11-1958,506450437
Meetu Ahuja,15-12-1974,505398056
Ansuman Samanth Roy,03-01-2022,585739951
Bhavana Shah Lalit Kumar,22-12-1957,556621570
Anusha Aggarwal Vinay,31-07-2004,526367881
Shruti Gupta,10-08-1985,526384096
Paminder,18-06-1970,506780906
Santosh Mahadevappa Beelagi,07-10-1977,552243692
Anil Rameshchandra Shah,23-12-1966,507085081
Ajithesh Chinta,20-07-2008,551553425
Mclysa Xavier Faria,01-03-1989,561953477
Manoj aravindan,17-08-1969,556659697
Navitha Biju,05-11-1985,508230832
Soosan Varughese,27-05-1965,507868468
Usha Pillai,26-11-1956,504363193
Shruti Kanthalia,24-05-1978,505285545
Rahul Kumar,17-02-1986,586472907
Ritesh Paul Maini,13-02-1974,551137339
Vaibhav Sharma,25-08-1975,545297558
Inika Gopinath,17-10-2010,508517985
Sneha Siddhaarth Ramchandran Saikumar,16-12-1989,585817653
Victor Thompsnc,06-07-1956,506626990
Aishwarya Singh kapoor,04-10-1990,526662994
Chhaya Sharma,17-06-1962,507296199
Saasha Rupessh,02-05-2011,544518845
Dinesh Shetty,04-06-1982,506957006
Prashant Gajanan Bhat,12-02-1979,566811155
Kaushik Sen Animesh sen,21-09-1976,551814799
Aashvi Pachnanda,22-12-2004,568599593
Yogita Abhay Gadgil,06-08-1970,505177035
Jeby Elizabeth Babykutty,05-10-1985,569533250
Deepika Wadhwani,30-12-1984,50188863
Muskan Mohamed Imran,19-11-2017,588693400
Karthik Ellappan,10-04-1982,556983354
Nishi saran,13-01-1959,561176787
Kavitha raghunathan,27-02-1987,503095925
Khurruam Zaheer Chishti Zaheer Ahmad Chishti,29-09-1978,508860304
Shamsul Hoda,08-03-1961,552111796
Shanayaa Samit Gehani,11-09-2011,503427124
Rohit Khandelwal,15-01-2001,561345043
Smita Bathula,13-09-1986,503919960
Kalyanasundram Ganapathy,04-06-1980,559531787
Srijana Nagaraj,16-05-2014,504549536
Viju Dharmadasan Shanku,10-06-1971,505095960
Praveen Madhamil Kaiyath,30-08-1965,507379498
Anika venugopal Rajappan Nair,17-11-2009,502045475
Sanjaya Mhavatkar,28-03-1965,553037501
Abhijit Dipaji Pawar,25-07-1983,563956617
Ramakrishnan,07-06-1977,566935344
Shaheen Ummalil,06-06-1985,553602191
Vaibhaav Sengar,24-04-2008,556916240
Sharad Kumar Dadlani,29-03-1972,506599481
Shahul Hameed,05-06-1964,557849074
Gupta Rajeev Kumar,08-09-1960,505589512
Abhishek Guha,15-04-1977,566668046
Ajesh Panwar,18-05-1977,502918598
Surinder Nath Mendiratta,16-11-1946,504559203
Ethan Bhamra,25-08-2000,507587047
Muthukumar Regunthan Kumar,25-05-1979,504307025
Ashish Kumar,05-05-1992,564350934
Asif Husain Mahadik,29-11-1967,507540634
Manuel Christian Salvisberg,09-12-1978,551604205
Dhvanya Chirag Shah,20-03-2009,589466881
Dheevaan Chirag Shah,26-08-2012,589466881
Pavan Gokul Chand Grover,19-10-1982,521370138
Jai Dev Nagwani,05-02-1959,504511791
Mr. K. K Krishnan,15-08-1942,562210664
Kirit Devchend Dawra,17-11-1970,559809789
Ramesh Mehta,21-03-1953,557126246
Sukhomoy Bhattacharya,08-11-1976,585781975
Sunil Kumar Pasi,24-01-1962,508807756
Mayank Bhargava,07-12-1982,551231751
Sagar Sharma,11-09-1990,561418528
Vishal Baheti,20-07-1998,585824791
Manikyam Ramaram,01-06-1967,505238313
Samir Hede,27-10-1978,552003175
Tarik Kamal Usmani,10-08-1963,505524298
Chirag Nandhakishor Gupta,11-06-1987,582904208
Sajid Yusuf Kazi,09-07-1974,505824969
Aarush Vicky Bhatia,17-07-2009,505658099
Joby Pulikkottil Jose Anthappan Jose,20-05-1981,503747351
Arun Rathakrishnan Neela Perumal,19-05-1986,527365208
Adeetya Arun Mohile,01-07-1981,504783786
Susanth Arun,07-11-2007,559531379
Shailesh Lall,18-01-1973,505640217
Vivek Malhotra,14-11-1966,553007944
Divij Duggal,21-12-1996,507059358
Raghuvir Duggal,14-12-1958,504558404
Mohanan Kuttiyadan Chirukandan,05-03-1963,507246264
Dinesh lalit Kapoor,11-07-1975,567481368
Chinrau Sudbramaniyan,01-05-1997,503919960
Rajesh Raghavan,08-04-1976,506508943
Dillip Kumar Patra,05-07-1971,529880064
meyyappan Nahalingam M,20-12-1985,528855368
Shiwanshu Shiwan,10-02-1985,529281625
Seshagiri Chakravarti,07-08-1981,554683915
Alok Kumar,27-07-1985,553245424
Radhesh Kumar,18-05-1976,501400988
Ashok Shambhumal Amarnani,08-10-1960,552321992
Tumulu Saneeb Kumar,21-02-1972,564844235
Mohammad Aiyaz Alam,10-06-1975,564778620
Prakash Shiva Kumar,01-08-1976,545822599
Lambodar Mohapatra,30-09-1965,554566821
Vinod Viswanathan Chettiyar,20-05-1984,501893440
Harsh Agarwal,18-10-1999,564155232
Anil Kumar Aggarwal,26-11-1973,505520866
Manish Ramesh Mehta,15-10-1982,559620105
Nadim Ahmed,15-10-1977,505841188
Prabhal Shetty Ramakrishna Shetty,24-10-1969,543216260
Vinod Pachat,03-01-1958,562752484
Prakash Ramaseshan,29-04-1966,555061501
Chandra sekhar Baidipati,29-12-1984,554495687
Amit Baid Virendra Kumar Baid,28-04-1976,544254472
Balaji Srinivasan,19-06-1964,505581490
Divakaran Thattan Narayanan,29-05-1965,504831755
Vinod Kumarpillai Gopinathan Nair,20-07-1977,565433395
Anish Sadashivan,16-10-1981,559653926
Mohammed Tariq Sartawi,28-08-1982,547962277
Madhusudhan Goud Burrannagari,15-10-1964,505480063
Amitava Majumder Amiya Nemai Majumder,10-01-1956,502733545
Chandru Malkani,18-08-1938,523505050
Labhjunver Kamdar,01-01-1925,502786739
Vivek Ganesh Vayzhari Thazhya,02-06-1984,557508068
Devang Jawahar Kapadia,28-09-1977,506509758
Rajesh Kuttykrishnan Menon,24-09-1974,585390930
Aahan Bhadra,06-08-2013,569679079
Mrinal Mukunda Menon,02-12-1971,556069877
Venu Madhava Pandit,13-02-1976,581465149
Anil Balakrishnan,10-05-1982,581434725
Kavish Mahesh,09-04-1994,525829319
Manonmani Subramanian,07-12-1975,504752756
Leelavathi,11-02-1959,559513382
Prerana Dhar,01-07-1973,503492470
Saanvi Salian,02-12-2014,504906826
Bhimabai,08-02-1935,506572944
 Devi Kumari Mohankumar,02-04-1961,559495481
Serah Jinoy Card,02-01-2015,555532501
Sangeeta,07-06-1967,503919960
Jisha Balasubramaniyam,09-03-1976,557526800
Sapna Sunil Nayar,15-05-1962,505954154
Shweta Jain,09-03-1974,526138777
Asha Brijesh Dhruve,14-09-1984,588424939
Nandana Ashok,29-05-1997,507646026
Mukthar Begam,10-09-1951,503250145
Anju Vinod kataria,05-10-1962,507796220
Kirtida Nirav,15-05-1972,509258185
Himani Semwal,07-02-1973,503069309
Anamika Gupta,26-06-1968,557613129
Yasmeen Kauser Jani Mian,25-08-1984,507045048
Preema Magdhaline Pereire,02-10-1991,582875331
Athene Bhamra,16-12-1970,507587047
Sabrina Sophin Mary D Souza,30-04-1978,503919960
Devika Chitale,09-05-1992,509202486
Kiran Mehta,02-02-1954,557126246
Mamta Atam Nathani,01-06-1973,529201953
nandhinii Sivashenbagam,13-12-2001,504583407
Ami George Nedumbakaran,18-12-1965,503017178
Reema Paul,18-08-1976,506291786
Teena Quadros,01-06-1972,504642463
Kirti Samir Hede,18-09-1984,552003175
Priyanka Sharma,02-08-1985,555451378
Mannnat Sharma,13-10-2006,504621088
Srilakshmi,04-07-1989,564616165
Mawehella Venkata Ramana,04-02-1953,564616165
Tisha Vicky Bhatia,03-01-1983,505658099
Aashrita Ira Pannala,13-08-2014,507140302
Babitha Nalukandathi,17-10-1977,552028566
Padma Mandapati,25-01-1975,555470854
Khwaab Kapoor,18-06-2004,558812809
Lakshmi Gopikesavan,28-11-1965,503919960
Nazeema Mohmmed Nissar,14-01-1974,551233823
Saryu M Doshi,02-08-1948,506781979
Govinda Subrahmaya Padyana,02-02-1970,506751678
Anoma Priyanthi De Zoysa,09-03-1966,508583736
Kanika Dohhal,09-12-1985,505411505
Maya Ashok Amarnani,30-08-1965,552321992
Payal Vishal Metha,05-03-1976,564046728
jayshree Sushil Bhatia,02-12-1957,502954630
Jasleen Uppal Sethi,05-11-1977,566969857
Aarthy SenthilKumar,03-06-1990,565537160
Nisheeta Dilip Mirchandani,24-10-1971,525300291
Ankita Sen,31-01-1966,569156093
Dr Fozia,28-11-2020,559962645
Kanak,16-01-2021,503872627
Begam,16-01-2021,501465665
Jalpa Sandeep Bhatt,19-07-1975,503759927
Simrun Anil Punjabi,18-02-1999,522786331
Mythili Ramadesikam,13-07-1966,526400318
Seema Kamal Kotwani,09-11-1970,506764144
Renu Aggarwal,03-02-1986,506340631
Selvalakshmi Rajendiran,02-04-1987,553775479
swapna Aralikatte Mahadevappa,05-08-1987,527235011
Aashifa Saleem,25-01-1989,555542369
Diya Deepak Dutt,20-06-2011,507640595
Dyuthi Deepak Dutt,03-02-2015,507640595
Pooja Swaminathan,13-10-1993,507083108
Shaifali Sharma Arun,30-10-1995,566468306
Neekita Janak Shah,03-01-1989,585272825
Jayanthi,18-07-2022,506206012
Shruti Aima,27-04-2003,506206012
Deepika Agrawal Singhal,08-11-1968,503677605
Santhi Mariyappan,10-04-1968,543022633
Monika Misra Dinesh Kumar Misra,12-03-1979,553577718
Divyakshi Nath Biplob Kumar Nath,08-05-2022,503992679
Sindhoora Prakash,10-02-1996,556359028
Kalaiarasi S,28-01-1958,557990154
Myra D Sa John Pinto,08-01-1959,505252265
Roshni Jagannathan,19-10-1970,503450495
Shardha Agarwal,11-05-1953,509110054
Ankita Chouksey,07-11-1989,557855985
Kalyani Mishra,24-11-1973,507443595
Tarika,17-10-2022,585130833
Sudha Jayakumar,30-03-1967,569323939
Brijesh Kumari,21-07-1993,585894502
Shabishta Naaz,07-08-1994,545657857
Pallavi Gupta,24-03-1988,528681994
Anand Rajan,08-05-1974,558992720
Namrata Nirmal Ratesar,14-03-1974,556647803
Shalini Shetty,18-10-1956,507080578
Bhanu Kawa,01-05-1965,547454567
Shraddha Siju,14-03-2015,559042516
Jefi Thomas Joy,28-04-1986,526379251
Yuvan Sathya Keerthi,12-08-2014,552464832
Radhika Goswami,25-12-1950,557586769
John Philip,20-10-1979,508837874
Hritupriya Das,28-07-2000,543292000
Rajesh Shah,07-08-1981,554100522
Vikram Lalwani,23-11-1972,50678185
Chemmeen Ruparel,21-07-1992,555594070
Shreya Rajesh,15-08-2002,555470854
Ramesh Chaudhari,05-02-1955,526447677
Nanda Chaudhari,02-05-1964,526447677
Laxmi Sharma,26-11-1959,504234413
Maya Shahani,25-12-1945,501929750
Prateek Kumaria,19-04-1989,558864348
Snigdha Jebin,26-12-2013,556151251
Adilakshmi Aneesh,13-10-2010,564038127
Dharmendra Patel,09-11-1964,555594175
Gaurav Parekh,28-01-1982,557163046
Raju Adnani,13-05-1962,556975594
Ranjan Parekh,01-03-1955,557163046
Archana Walvekar,15-06-1950,506857617
Seema Sbnis,19-05-1959,566696294
Rohit Sharma,04-11-1964,509270761
Vishak Sivakumar,11-07-2008,508060533
Mary p george,12-09-1957,555266299
Vishesh Kathuria,13-04-1984,525038424
Vijaya Lakxmi,01-07-1986,559531787
Praveen,13-05-1985,551748599
Nazia Sayed,19-10-1980,504689235
Smitha Tharol,04-03-1983,504532687
Ribu,13-12-1976,527832272
Manu Lal,11-10-1963,506798635
Jasheeka Lahiri,05-07-2012,504943899
Lakshmisha Nagaraj,02-12-1968,505882091
Radha,05-07-1972,502845350
Ramesh Kulkarni,20-06-1975,502845350
Vaishali Milind,12-06-1976,503959383
Sarvesh Kundar,10-07-2007,507891163
Deepika Bhandari,20-05-1976,505488326
Sayam chengupta,09-03-2006,527721879
Sindhu Prakash,09-12-1974,502975160
Samantha Piedade,06-03-1985,565530503
Gyaneshwari Kayau,01-02-1998,523652417
Yash Walia,03-09-2003,503591801
Ravishankar Andanish,22-07-1969,507923072
Janani johnson,28-12-1985,555013643
Aashaka Mitesh,28-01-1999,507388728
Aaisha Shafi,17-08-2010,501532955
Atharva Brahmecha,17-05-1999,547914801
Asha chand,23-03-1951,589941953
Seema,27-11-1974,565526130
Harshada Chetananand Pawate,20-11-1978,554033677
Shweta Ayaldasani,25-12-1987,556377587
Ishan Chetanand Pawate,28-06-2013,554033677
Pranav Bansal,15-11-1998,505518034
Mital Premchand Asudani,20-04-1974,509502323
Dipak Asudani,22-02-1974,509502323
Mohamed Manzoor,06-01-1949,589475748
Advait Narayana,06-04-2017,504767324
Jaya Vani,18-09-1979,501218304
Arun Kumar,11-12-1984,529022648
Varun Ganesh,18-11-2011,503317979
Meghana Nair,16-04-2002,559462391
Rayomand gilder,12-02-1991,505845530
Sanjay Ghosh,28-08-1974,506290048
Gaurav Uppal,16-02-1980,555451378
Nidhin Jayachandran,15-12-1989,558935265
Abhishu Jatin Brahmecha,11-09-2000,547914801
Ranjeet Singh,11-09-1985,508897286
Ramakrishnan,29-11-1975,503409091
Ajith JacobJohn,13-02-1969,529718195
Muthu,28-11-1977,552001321
Vikas Kapila,12-05-1967,507845970
Rajan V,15-06-1950,554419051
Varun Bakshi,11-10-1984,525908077
Ankit Shrikant,06-07-1986,528495162
Mukund Balkrishna,30-01-1967,504551509
Prashant kumar,03-09-1975,555594060
Mohamed Nafizyazir,12-01-1994,563279793
Haresh Naraindas,27-09-1970,562735387
Raman Nathani,04-03-1983,561718111
Khurrum,12-10-1978,568874664
Rakesh Thakur,16-06-1968,504934738
Gopakumar Menon,18-03-1968,504541300
Khushal Sumanth,15-08-2008,505518414
Yadhu Krishnan,07-01-2002,505791475
Parthasarathi,05-02-1968,504129772
Sathya Kerthi Srinivasan,09-10-1984,554161275
Rohit Raina Makhan,27-09-1965,526226881
Lokesh Manwani,11-11-1981,501139833
Mr Ashok Balanam Mhatre,07-06-1939,562210664
Aadish Singh Grover,13-08-2008,502538941
Asif Ahmed Patel,26-08-1977,507485378
Shekhar Sinha,15-08-1954,558987651
Gunjan Agarwal,10-10-1976,551035221
Sudip Banerjee,07-06-2020,506546836
Anish Ranjan,29-08-1983,502121566
Benny Mathai,14-03-1976,556900556
Jaikishin Lalwani,22-07-1962,509046881
 Gopi kesavan,12-06-1961,506454269
Dheeraj Ayilliath,16-11-2010,551188010
Shahamir Singh Brar,07-06-2000,505527080
Aadesh Yadgouda,26-08-2007,566387037
Narwani Valmik Shivandas,18-12-1949,506565341
Shaheem Rayimarakkar,08-10-1971,504583592
Ambadisadan Kirankumar Sreedharan,18-03-1977,569965104
Rajagopalan Pattabiraman,09-04-1978,502788706
Kanav Duggal Raghuvir Duggal,03-01-1993,523523558
Rajeesh Kuniyath Raveendran,11-03-1975,554543323
Tejinder Sharma,03-01-1950,506582091
Neelesh Kumar Gopalakrishnan,30-11-1974,563065241
Arav Pareek,10-04-2010,524403054
Kamlesh Govind,13-11-1984,528535222
Sudhir Nair,21-11-1970,557943211
Vikram Munankar,10-08-1963,502333
Pranav Nair Adukadakam,11-03-2000,551953474
Krishna Pillai,27-05-1966,504519655
Govind Lakhynai,15-03-1961,528535222
Anil Kumar Sharma,20-10-1963,504821261
Rajamarthanda Poobathy,10-07-1960,566862400
Saurabh Vinayak Nawathe,31-08-1985,561387917
Thakrar Perafulchandra,10-04-1952,564467298
Anirudh Rao,07-06-1998,506919841
Bobin Koshi,01-12-1982,506792145
Raj Kumar,30-06-1971,551176218
Omkar Pramod,06-03-2021,585157661
Khushroo Jal Tavadia,29-10-1979,556698140
Ratheesh kavil Veedu,16-04-1977,558947213
Virendra Raj,18-10-1972,506972954
Muhammed Shahir,22-05-1995,522037212
Sanjeet Kumar Sharma,14-01-1968,589660391
Rajesh Parameswaran,19-08-1970,1234
Piyush Prakasan,13-12-2002,502975160
Puneeth Kizhakkeveettil,06-06-2005,502975160
Virupaksha Seebahalli,25-06-1976,558578537
Ramakrishna,11-04-1965,508760040
Awanish Kumar,27-01-1982,505485698
Harish Prabhu,21-09-1965,505257976
Mayank Pandurang,17-07-2018,526203466
Adnan Waris,04-03-1985,555366562
Mangesh Dattatraya,01-02-1978,501208702
Pradeep Suri,20-03-1955,561679220
Jaffrin,09-11-1983,553089143
Chinmay Harish Bilgi,25-01-2001,554280606
Syed Kashif,03-06-1985,502512643
Sheel Ahuja,07-06-2006,505398056
Shreyan Sinha,10-03-2007,568969726
Dhruv Savara,18-07-1998,507122821
Krishnamohan Venkitachalam,07-08-1960,568112210
SATHEESH THIPPILASSERY BALAN,25-05-1977,527051096
Jithesh,03-02-1985,557236848
Banal Rajaram Ravi,31-07-1960,506409915
Farhan Uddin Ahmed Misbah Uddin,16-02-2022,506334239
Venkat,05-03-2022,559564116
Sylvester Karam Touma,13-02-1995,508178559
Arun Kumar Sharma,29-05-2020,504681900
Vinay Aggarwal,26-06-1976,561041860
Jairaj Naidu,15-04-2022,561179669
Balamurugan Indaran,11-06-1977,50
Sunil,26-04-2022,505455357
Keshri,18-07-1968,581100203
 AshokHundekari,03-11-1946,501505478
Puneeth,30-05-2022,588508899
Sivabalan Sekhar,07-06-1983,581587677
Muthukumar Subramaniam,30-05-1974,508961686
Khushbu Naveenchand,01-11-1984,556770022
Simran,19-07-2002,505954154
Amitha Karkanis,23-05-1979,503947997
Radha Ravi,05-08-1976,502523693
Banu Mathi,20-10-1981,552001321
Sneha  Upadhyay,10-02-2004,528081674
Sunisha Surendran,03-06-1993,528373017
Jayashree Harchandani,26-01-1976,554616006
Bindhu Chakravarthi,28-04-1971,509169851
Nisha Khiara,27-11-1981,562314500
Sangeeta Iyer,16-12-1961,564047136
Seema Ashok,08-08-1947,503547110
Saania Kapila,21-02-2001,582121670
Priya Tejwani,29-07-1979,503547110
Neha Kedia,22-02-1984,559966925
Malaika Racquel,31-10-1972,505507935
Avani,22-09-1984,585876905
Prabha Dhamodhar,21-07-1977,509419376
Barthi Varma,05-09-1987,529190995
Saroj Soni,17-12-1961,506001989
B D Jaria,20-01-1953,561447303
Haritha Harikrishnan,29-09-1995,506586725
Munira,22-12-2019,568874664
Sumi Praveen,10-05-1987,529191250
Priya,29-09-1982,503317979
Delisha Martis,29-09-1999,554488698
Priya RajaRam,29-09-1982,544743773
Shiney Thomas,30-06-1959,505060847
Pallavi Shetty,22-06-1974,526239736
Mrs.Anindita Banerjee,06-12-1968,568684194
Rama Kochhar,01-01-1957,555434711
Jiya Singh,29-06-2014,559492959
Jayshree Prakash,29-04-1967,507296130
Mrs Chitrarekha Ashok Mhatre,10-10-1945,562210664
Aaniya Kaur Grover,18-04-2013,502538941
Hasina Jeyaraj,02-10-2009,552098137
Mohan Das,20-04-1970,557397720
Prajakta Bipin Kasegaonkar,22-12-1977,529646202
Leena Kartha,30-04-1968,502746600
Rita Sinha,18-12-1958,558987651
Reena Mittal,18-05-1981,551035221
Veena BabuKrishnan,06-06-2020,508060533
Dipali Sonetta,04-06-1978,528273008
Mukta Chobuisa,26-09-1973,529835914
Jyothi vaibhkv,31-10-1976,504624855
Neha Swastav,23-09-1984,556054734
Ayushi Sonetta,29-09-2007,528273008
Anu Dharsa,10-06-1979,569965104
Shyma Thachancheri Krishnan,08-05-1983,526999364
Tanya Garg,02-09-1997,554603938
Malavika Lenin,09-12-2002,557653960
Deepa Sharma,23-07-1981,567438752
Saatwika Ajit,07-11-2004,503587165
Shyamini Rajeesh Divakaran,09-11-1977,554543323
Kaviya Shree Peeyush,21-05-1996,558868857
Kavitha sharvani,28-08-1970,559600270
Vani Praveen,08-08-1990,551295126
Aarisha Pareek,21-05-2014,524403054
Yasna Pooja Iqbal,28-09-2020,505086336
Gopal,13-09-1962,562756695
Yogitha Prasad,14-05-1976,501406029
Sreeja Sugathan,22-08-1982,506946557
Nirupa Ramanathan,12-12-1989,508106227
Aaan Mary Kurian,12-08-2009,506792145
Pushpa Devi,29-03-1964,585801702
Simona Barazi,21-04-1969,503919960
Mansi Mayank Dave,26-10-2002,506755964
Hanisha Sunil,16-11-1972,555620104
Pinki Gupta,22-08-1962,551244364
Deepthi Bhatia,14-09-1983,504299919
Sanaa Rizwan Mohamed Ali,13-11-2007,589475748
Evania Treasa,18-06-2017,502134102
Padma Lakshmisha,31-08-1976,505882091
Rashmi Madhava Rao,30-01-1982,507640595
Anjali Rajan,20-05-1989,585242417
Saritha Bedi,23-09-1960,509154002
Meenakshi Nanda Kumar,23-09-1980,557990154
Sona Sivadasan Sivadasan,09-02-1975,503732572
Smitha Ladva,18-07-1962,508943174
Balu Naranyan Swami,03-11-2021,506458926
Jolly Mathai,30-05-1960,566408416
Pushpa Lalwani,24-12-1954,564067563
Muskan Motiramani,14-08-1976,555286364
Mariyam Farooq,16-12-1983,529195188
 Vijayalakshmi Mohandoss,30-03-1972,566814704
Sathya Sree Srinivasan,28-02-1996,585297764
Nishi Gupta,30-09-1976,555606880
Soumya,13-11-2021,506586114
Hadiya Saleem Razha Ahamed,15-05-1978,566403176
Renu Anish Issac,13-05-1989,503323185
Prabhavathi T,01-01-1957,554419051
Beena Vijayan Ramankutty,05-04-1968,566408416
Jovin Mathew Kochumman Mathai,18-08-1987,566408416
Bhavana Kapoor,21-07-1974,561679220
Maanika Sharma,19-08-2001,502947915
Veerajothi Rajendran,20-05-1982,589937782
Sindhu Rajiv,02-02-1975,505546954
Meenu Kapoor,06-12-1963,503543490
Najiba Sayed Abbas,01-07-1972,507980808
Anuratti Gupta,08-04-1984,588005761
Simran Kabir  Malkani,28-04-2010,506774098
Darshika Kabir Malkani,23-10-1980,506774098
Nirmala Neelkanth Patil,13-12-1951,505345773
Indu Bhutani,06-03-1971,558250113
Nithya Thannuvelil Sadanandan,18-04-1993,529573985
Adarsh Bala,02-08-1963,527208528
Anannya Saraf,07-11-1998,505538071
Balantrapu Swarnalatha,01-01-1971,559564116
Sindhu Divakaran,14-05-1973,502340656
Seemab,08-04-1994,586410864
Yogita Yadhav,15-06-2022,564171070
Veena Mulani,29-09-1970,505989703
Kavita Pillay,22-06-1978,569641714
Smitha Raddy,13-01-1975,508533450
Deepa Jeyesh PAul,30-05-1983,509342355
Suryakanth Sudheeran,17-01-2005,504485836
Manikandan N,04-08-1977,529973233
Deepa Manoj,27-11-1964,566839044
Kishor Kumar Shetty,16-08-1977,506163918
Swati Sharma,27-08-1976,556130531
Shilka Kunhimon,22-02-1989,503059978
Sarita  Rathore,19-01-1975,561142361
Uma Maheshwari,26-09-1973,505585767
Bhavithrah Jegan,18-02-2003,505585767
Sarojkumar Das,31-01-1979,552324820
Synthiya Kasirajan,28-06-1982,554725146
Ghousia Sultana,15-10-1981,504552937
Sudhir Dua,26-07-1975,553426812
Deepak.Ghildiyal,16-12-1985,523989934
Kiran Ben Bhimabhai,23-12-1988,556783451
Yusuf M Nawaz,11-04-1957,557820384
Simmi Nagpal Dixit,08-06-1983,565012140
Amitej Vaid,22-08-1981,501049070
Muhammad Iqbal Thazhathe,08-10-1988,528845099
Manya Ratteshwar,01-01-2005,502616229
Varna Rajesh,06-05-1978,503042093
Ganesh Easwaran,22-09-1974,554571888
Savita Malik,18-06-1982,544900415
Kapil Dixit,05-07-1980,504552327
Shivam Bhagvanjibhai Jadav,11-12-1983,555149783
Umesh GN,27-05-1970,529061813
Yogita Shankar,11-01-1968,553697161
Siddhika Ankith Agarwal,27-02-1987,567051160
Kalpashree Raikar,26-11-1987,551564242
Subin Joy,01-12-1982,569513250
Prabhi Rajesh,30-05-1982,506508943
Radhika Sreekumar,29-04-1975,588792142
Harshita Chidanand,25-11-1991,522234939
Himani Desai,26-03-1994,525115677
Victoriga Paplauskiene,04-09-1977,555308177
Umakant Bitla,15-12-1975,567272622
Pallavi Chawla,13-01-1977,502828847
Sridhar Nedunsezian,08-09-1979,559437248
Akshata Chirag Gupta,24-09-1987,582904208
Nisha Bimal Khiara,27-11-1981,562314500
Vaishnavi Polavaram,15-12-2005,504579097
Kasturi Polavaram,13-04-1949,504579097
Suresh Radder,01-05-1961,506964976
Naveen Garg,21-10-1973,556068655
Nalini Dutta,14-08-1986,522941311
Mira Radha Kishan,11-09-1953,507115391
Vilas mahadik,22-10-1976,508779397
Deepak Sundaram,09-09-1984,557733381
Deepak Garg,16-11-1965,505514882
Ramachandar Balamurugan,14-06-1967,501953609
Lingarajan Bagavathi Nadar,10-06-1976,508294708
Puja Vikram Lalwani,06-10-1973,501929750
Vivaan Dushan Motwani,15-11-2008,505154888
Shobhna Braham Sharma,03-06-1978,528143152
Saad Khan,05-06-1975,564868748
Mahendra Lihala,14-10-1952,565364327
Jiyasmita Das,30-01-2006,567171977
Amit  Kanayalal Doulatramani,09-06-1983,528535999
Ruma Mukherjee,11-08-1970,509287825
Shankar Saptharishi,31-07-1963,507200590
Aaiza Masood,12-04-2002,506071030
Josef Fernandes,18-03-1976,502249599
Aditi Sharma,20-05-1985,551231795
Balaji Krishnamani,02-07-1973,503542886
Jaya Gangadhar Dhanai,11-07-1989,521370138
Darshi Chobisa,15-07-1998,529833861
Jigyasa Gehlot,15-07-1992,501491510
Sajid Abdul Rahiman,18-01-1981,509960499
Prabhakaran Pillai Jyothi,20-05-1972,505736443
Rajni Garg,15-01-1977,504940746
Vandan Khurana,22-12-1974,556282843
Tanu Arora,19-03-1985,588608839
Sumesh Janardhanan Nair,20-06-1978,563408772
Precy Elves Dsilva,19-11-1976,552461971
Sweta Agarwal,28-03-1979,509529693
Sneha Anand Mungre,05-01-2002,501497419
Lakshmi Sireesha,02-08-1983,558639355
Jyoti Singh,11-03-1981,503578254
Anushre  Nag,25-05-1979,563269154
 Shobha Taneja,16-04-1946,506039923
Padmanabha Panicker,17-04-1962,509234683
Vishal Gurunath Pawar,22-10-1980,553377067
Janani Kumaravel Muthu,05-10-2013,561203811
Hari Lulla,13-08-1949,506527183
Mohneesh Suri,22-09-1987,544219778
Abhay Dattatraya Gadgil,28-04-1968,505177035
Dilip Valsan,16-08-1957,529077690
Akshith  C,24-07-1992,558123062
Rabindrakumar Giri,07-03-1971,555859618
Vijayashree,29-07-1977,554986966
Payal Kilachand,16-10-1981,506588144
Anusha Monteiro,17-10-1992,561964586
Akshayavarshini Manoj,24-11-2005,555242890
Nagarani,15-05-1981,553560706
Shimis Johar,04-11-1984,561800786
 Pamela Patricia Droza,29-01-1970,556072602
Munishwer Goswami,30-08-1982,585238468
Mayur Mahesh Acharya,14-01-1986,555389090
Sindhumathi Ananthasayanam,16-12-1980,522701707
Sara Khelif,08-02-1985,559098480
Imrana Zaman,10-05-1977,562169144
Khal Darwish,06-07-1971,564431060
Coralie,19-04-1994,586383053
Shaikha Mohammad,10-12-1991,501115821
Maya,23-04-1995,568006870
Zahabia Saleem Gupta,15-11-1987,553548054
Chathuska Jayangani,05-04-1996,581246838
Tristan Sommer Enriquez,21-05-1977,558887339
Tijana Mitrovic,20-11-1994,585480424
Mira,18-12-1998,568006870
Yasmine Fakhruddin Yousafali Hussain Adamail,07-11-1948,504826352
Lugain Samer Saba Eliel,05-10-1981,567322162
Yasmine Zahran Alsarkhi,21-03-1995,567272212
Nondita Bimal Ganguly,31-08-1977,566254165
Jitender Singh Anand,09-12-1967,507360150
Sulthana Begum Raas Masood,01-02-1977,506071030
Katja kobisch,22-11-1982,509096260
Shahzeb Shah Jan Shah Jan,06-06-1988,556706537
Manohar Lal Gupta,11-06-1966,504849616
Kinjal Vivek,23-10-1986,561268867
Gulanar Nizari,23-02-1954,506459944
Nithiya Rajendran,06-08-1982,505027957
Sonali Mohan Shahani,27-01-1980,501929750
Jayaraj Thai Valappil,19-05-1972,569567311
Priya K R,30-05-1975,556157140
Indu Rajan,14-04-1982,501923135
Sumanth Vinayak,05-03-1976,505518414
Sushanta Banerjee,22-04-1966,547019822
Shiza Sia,16-04-2002,508732538
Shehani Madushika,01-11-1997,554186213
Rita Sharma,07-06-1975,563243165
Lora Doss,21-04-2020,501160114
ketki aminin,08-08-1991,564012329
Mayur Kishor Shah,11-12-1960,522429392
Gunjan Gangwani,25-10-1977,553963652
Priya Panjabi,09-10-1980,508975945
Babitha Sujith,12-06-1980,528826515
Anna Drop,09-02-1984,567588269
Ayesha Shahzad,07-06-1979,508732538
Gautam Ruprell,10-11-1971,558216093
Reeta Pandey,29-10-1981,553908052
Sathya Keerthi,09-10-1984,554161275
Ankit Suresh Agarwal,11-10-1984,567051160
Sriharsa Misra,10-09-1969,504563459
Sindhunandhini Mishra,07-03-1976,508830275
Daisy Varghese,17-02-1969,503673182
Dana Das,10-10-1981,569336418
Hiroo Ashok Tejwani,24-05-1977,503547110
Murali Polavaram,15-08-1971,504579097
Harish N Vasavan,09-05-1976,502434037
Monika Jain,25-08-1976,508610039
Minal Narayankar,15-05-1985,559072146
Akansha Narula,25-06-1979,581185929
Ajay Kumar Garg,07-04-1974,561889144
Dhruv Soni,19-12-1990,528248396
Sushma Lachhwani,09-04-1967,506254762
Sruti Suma Sivan,25-04-2000,555315730
Mohan Lachwani,01-07-1959,506509084
Sireesha Anil,02-08-1983,558639355
Punam Thadani,23-05-1972,569155802
Rutwija Ramachandra Patil,20-07-1980,507481897
Nandan Sadanand Benakar,02-05-1960,503760421
Kamlesh Kumar Wadhwani,20-01-1972,528240141
Deepak Dutt Muralinath,19-09-1976,507640595
Deepa Shetty,28-09-1977,521024971
Sachin Thombre,09-08-1977,556112959
Milly Banga,30-09-1978,585400124
Ramya Lakshmi Thevrkalathil Vasudevan,05-06-1981,527287284
Swetha Meka,03-05-1981,522664769
Supriya Anuj Anchalia,29-09-1986,559474240
Mridula Murali Kashyap,15-08-2006,503604953
Advait Vijayvegiya,18-10-2008,529197070
Muralidhar Guntilingannagari,16-08-1977,501102130
Sanchari  Joardar,08-05-1983,507146110
Rajagopal Kittu,27-09-1967,552467210
Nishant Johri Kishori,21-07-1984,554108367
Krishnakumari Kuttikrishnan,30-12-1970,502101433
Natarajan Gopalakrishnan,19-04-1971,509575218
Deepa Lilly Edmond,05-06-1991,503845974
Arun Prasad,25-12-1971,561747612
Verona Joseph,21-02-1979,559479280
Manisha Bhatia,12-08-1971,559501093
Prakash Vasudewan,25-08-1967,502975160
Khyati Patel,19-04-1990,504341632
Jinny Gidwani,17-10-1980,503580819
Satya Bhasini Mantra,03-11-1980,502108575
Aneesha Rajesh Jadhav,27-07-2002,505737283
Priyanka Patre,17-12-1984,558081417
Kartik Jain,02-12-1982,556220082
Jithin Asokan,11-05-1987,503621642
Khadeeja Mafhooma,11-07-1997,564920507
Rama Ramalingam,13-06-1978,552098137
Nagaraj Eragokula Shankariah,17-03-1981,504549536
Divya Ritesh Sand,03-04-1984,543366603
Kishor Rajiv Rao,15-05-1965,503679804
Shajit Kumar,27-03-1969,502058637
Preethi Ramanujam,20-05-1989,561076297
Anuj Surendra Anchalia,11-01-1987,567843774
Parag Kumar Gupta,26-12-1967,505256372
Ritesh Sand,12-09-1979,529456072
Vishal Bhargava,13-06-1981,502073601
Chakali Ramesh,05-10-1973,504749214
Veena Menon,22-11-1980,506249146
Shailly Dua,13-01-1977,505882751
Roma Suman,07-01-1991,558706763
Dattatraya Ramachandra Yadav,02-06-1979,562188120
Sukumara Prakash Govinda,21-12-1972,508460908
Koshal Shree Mundhra,28-10-1972,544651486
Riyasudeen Sharbudeen,16-10-1986,582844669
Chethan Nanjappa keethianda,03-10-1990,557594619
Anita Manoj,15-12-1975,506367524
Varun Srichand Nichani,07-11-1984,509223909
Rama lakshmi Jagan,31-01-1980,509719517
Bhavna Ratteshwar,10-02-1972,502416332
Geetangali Sharma,22-09-1970,569910892
Viji Prasannan,05-05-1968,503397078
Vasudhevan,06-01-1978,507949908
Damodhar Ashok,19-02-1978,502285405
Claire Darwish,08-08-1981,564431050
Sibu Thomas,11-12-1978,558375362
Sangeeta Edwin Gonsalves,06-07-1967,526844721
Gautam B ruprell,11-10-1971,558216093
Vichalya Firmie,11-10-1991,562051317
Krushabh Modi,29-09-1983,554324948
Jesus Morales,03-12-1973,504529328
Namita Gurung,17-07-1985,581739096
Hamed Yosofzadah,05-05-1970,506450658
Presantha Naidoo,25-07-1982,552658930
Khalid Ayub,09-06-1977,505990877
Lubna Naz,19-09-1975,505990877
Alicia Lavemy Zamit,20-07-1983,564845527
Sameer Varma,28-12-1982,558250113
Sivaranjane Ramachandran,29-10-1986,559890562
Shilpa Shrinivas,06-03-1979,507456526
Gautam Rathore,20-08-1970,562042381
Padmashini Radhakrishnan,03-11-1979,555910944
Anand Shanbhag,02-07-1968,506223768
Aishwarya Lakshmi Srinath,25-04-2005,504560249
Ganesh Arunachalam,01-06-1970,551430662
Janhavi Gokhale,14-03-1995,502500951
Maneesh Krishnan,30-05-1984,554859751
Arun John,03-07-1983,503590853
gayatri Ganesh,15-04-1976,529871225
Rajat Bhargava,12-10-1967,508494546
Raghavendra Verma,12-03-1974,505714162
Anup Sharma,05-06-1966,569910892
Hina  Sami,05-11-1978,527533188
R Sivakumar,20-06-1966,552111789
B Venugopal,31-07-1958,506527098
Deepti  Kamath,15-03-1989,554062125
Dhriti Rathore,24-12-2003,562042381
Swapna Vazhail Pyambil,21-02-1979,508517985
Shabhana,25-08-1974,504557202
Unnikrishnan. P,26-01-1976,562197800
Smitha Raj Kohukannathara Rajappa,20-11-1979,504841054
Rosy Jan,23-09-1976,526435666
Shambhavi,18-07-1980,508735868
Upama Kumar Rakesh Thakur,23-03-1969,507165486
Harshada Rajendran,28-01-1991,547781318
Binjal Kanabar,23-11-1988,556601097
Parimal Sumeeth Singh,21-03-1973,508847470
Varun Manghnani,26-05-1998,529707707
Vineetha Mathews,07-09-1977,557497770
Shreya Ann Mathew,10-06-1990,564636369
Jithy Manoj,16-03-1976,556659697
Thruptha Mandavalli Puttappa,16-11-1983,553749535
Aanvi Joshi,01-02-2008,567156501
Siddharth Joshi,24-12-1975,567156501
Vimal,17-08-1967,505037210
Darshana Salvisberg,16-02-1983,551604205
Adnan Yousuf,14-11-1972,508063197
Milton Disusa,19-08-1955,503944071
Adam Cotter,13-04-2008,529933240
Purushothaman Sukumaran,31-05-1960,504931576
Ratansha Gilder,19-05-1960,506513511
Nayantara Rajen Kilachand,24-12-1980,508360859
Vanessa Joseph,01-04-2006,555308177
Vikram Joseph,27-12-1977,55308177
Ankush Jain,30-06-1972,508842411
Vini Jain,25-03-1991,568341338
Raja Ram,09-03-1979,503317979
Vishwanath M,10-08-1981,524755967
Pavithra Suresh,05-07-1989,556371324
Ruby Arya,16-03-1986,507954230
Kanchan Ashok Sadani,25-05-2021,507244922
Komal Ghulani,30-07-1981,505333607
Ashwin Nandakumar,25-10-1988,507372311
Vivek Narnoli,26-03-1983,565489582
Praveen Puthussery,14-07-1984,508530225
Thirugnana Sambandam Kaliappan,16-04-1966,554077825
Wynella Rapose,31-10-1988,504757135
Lina Ali,29-01-1984,557503390
Ryan Richard,09-06-1981,552259638
zaher Basheer,20-07-1977,503127327
Roda kum,09-01-1975,528336017
Cankiz Onur Kum,13-07-1977,528336017
Ericson Gajudo,27-01-1974,551098662
Charitha Gundala Ramana Reddy,10-08-1982,585927014
Waheed Mahmood,25-05-1976,559218566
Fadi Ahmad Rifai,12-05-1991,503142886
Nuzhat Mursaleen Faisal,19-12-1980,529820588
Samina Akhtar Tyebally,11-03-1964,527107027
Faisal Rashid,01-07-1973,508868038
Saman Mohsin,18-12-1986,562542423
Shehla Ishrat Farooqi,25-09-1965,506971916
Wasfy Abdalla Elhag Baba,09-05-1979,552558838
Suha Nasser,08-11-1994,506971916
Abdulmajeed Mohamed Shreef,12-12-1963,504544363
Usha Dhirani Aneel Kumar,12-12-1982,507748845
Gurumurthy Palani,07-05-1972,554725541
Velchamy Paramasivan,07-01-1983,558893683
Madhur Vishesh Kumar Saxena,06-12-1988,553779522
 Sarath SasiKumaran,13-06-1986,562261172
Dexto Philip Cotter,23-11-1978,553552980
Sakthivel Raja,07-01-1984,527510926
Sowmya Sitaram,08-04-1984,505371866
Latha Modi,09-05-1955,554324948
Ramaprasad Gopala Krishnan,18-05-1973,551003850
Divya Saju,17-08-1984,507469638
Riddhi Krishna Rajesh,06-09-2007,506508943
Vidhyuth Kesavan  Nair,05-06-1988,545481441
Mr. Marath Appu Marar Rajan,23-07-1958,506258749
Prince Thomas Mathews,13-12-1984,503848103
Pooja Krishna Gopal Ajmera,09-12-1984,528045181
Deepa Hegde Manunath,25-08-1987,508879147
Joydeep Mukerji,09-06-1970,525214810
Prajeesh Sreedharan,25-03-1976,553406505
Ganesh Chandrakant,16-01-1979,559906298
Sharda Rao Kirshna Kinhal,01-05-1966,506919841
Swati Devidas Kalsait,05-07-1984,559906298
Rithvik Arun,24-03-2006,504553809
Asha Jones P S thomas,05-11-1971,503838433
Jonse Mavara Daniel,23-05-1968,567588663
Urvi Jasan Dhakan,01-06-1981,505446490
Jasan Tulsidas Dhakan,15-03-1977,501895573
Sowmya Jyothi Devadiga,18-09-1986,506344351
ManishKumar Parmar,23-12-1981,503960704
Kiran parag Shah,26-12-1977,566036078
Piu lahiri,04-12-1971,505673029
Vinaya prasad Prasad,26-03-1982,559531379
Ishan Jain,15-02-2016,556220082
Samta Jain,28-05-1977,505150409
Alykhan Mehboob Lalani,21-12-1998,562145901
Nithiya Krishnan,29-12-1986,505594720
Sahajan Divakaran,21-05-1972,556712349
Vijay Rampal,20-06-1956,506548136
Mitesh Babulal Desai,12-06-1966,505536185
Amishi Mitesh Desai,02-06-1969,505536185
Karthik Ramamurthy,07-01-1974,556670256
Sunandha Karthik,21-05-1980,556670256
Devu Sudesh,20-08-1986,509884281
Ashwini Ebrahim,23-09-1971,568277280
Lalit Motiramani,03-10-1974,555286364
Christy James,10-04-1995,507697371
Saurab Tekwani,07-02-2000,564664050
mahek Sunil Punjabi,17-09-1994,504668572
Janani Nagaraj,11-12-1983,502804374
Sarwan Kumar Bhoosur,02-02-1999,523173012
Rajkumari naraindas,30-05-1943,507259735
Mathew Thomas,08-11-1976,561796028
Kalyanasundaram Ganapathy,06-04-1980,559531787
Nanda Kumar Sakthia Velu,29-05-1980,557990154
Dastur Shahrush Keki,17-07-1965,504507002
Saurabh Gade Ramesh,17-07-1979,552948423
Vasudeva Rao Sudheer Baikadi,30-04-1970,556001649
Jayant Purshottam Bhatia,30-05-1969,507259735
Thodupulli Hameed,22-05-1980,507281812
Yashoda Ganapathi  Bhat,05-02-1975,508584821
Anvar Sadhath,07-12-1977,556839430
Sarika Kuberan Mudaliar,31-03-1979,567002850
Shyam Kamala Ramakrishnan,02-12-1973,528810973
Rohit Sharma Pyarelal,11-04-1964,509270761
Rebecca Agnes Marizza Almeida,01-08-1966,504961609
Harpreet Kaur,21-12-1966,505547489
Anupriya Raj Kumar,05-03-1990,506032006
Ashok Sadani,23-06-1949,506447157
Gurubasu Shrishail Katageri,25-11-1986,527698077
Maria Theresa,28-06-1981,559397145
Usha Narayana Shetty,10-11-1984,547058288
Shalini Agarwal,10-02-1967,564155232
Harinder Kaur,13-04-1978,552929827
Dakshita Mehta,26-10-1973,581139452
Veena Shivdas Kamdar,31-03-1998,589012315
Asif Saifuddin Haidery,24-11-1961,553937521
Puspa Dewani,22-05-1983,508493973
Santan peter Dcosta,07-08-1966,506557985
Jatin Abbi Ramesh,27-06-1983,588508899
Radhika Bommireddy Palli,09-06-1968,545322667
Sivadasan Kozhukkunnath,30-05-1969,503732572
Vandana Sivadas,14-05-2004,503732572
Sona Sivadasan,09-02-1975,503732572
Swarupa Chode,28-08-1977,506456727
Shweta Jirai Chitrodia,22-05-1974,528810973
Pravin Lawrence D Mello,03-02-1978,508439545
Onima Thepadia,03-04-1986,569028304
Harpreet Kaur,15-07-1979,504750058
Balamurugan Ammasi,25-04-1995,553531787
Ravinder Singh,05-03-1970,566630654
Puneet Singh,08-08-1983,562037555
sanjay Bansal,11-07-1971,505518034
Jyothi Krishnamohan,21-06-1991,528682413
Sreedharan Nair,14-01-1970,522664433
Kumudhavalli Ramji,05-05-1968,508950470
Karthik Mundakkal Saju,29-06-2006,507469638
Rupesh Ullal Kulapuram,20-08-1977,544518845
Jaishree Gandhi,14-11-1972,504752326
Nuzhat Siddibilal,15-10-1990,558902742
Raja Murugaiyan,15-03-1976,553915328
Menaka,06-07-1978,553915328
Swati Rajesh Shah,11-08-1967,507975259
Sanvi Kamlesh,28-11-2010,528240141
Varghese Mathew,19-01-1974,66546546
Sibi Thoppil Jacob,03-06-1979,65461165
Sarah Rachel Mathew,25-06-2008,1561685641
Davesh Jain,03-10-1966,501585022
Praveen Kutti,12-03-1977,544113845
Sameer Bhatia,05-12-1969,505012383
Soumya Lahiri,11-01-1965,504943899
Kishore Kumar Gogia,07-01-1954,554585642
Neha Lohia,05-09-1985,503691575
Vinayak  Ganpati Pai,08-06-1979,562106274
Biju Therool Thundi,01-06-1975,504532687
Rejani Rajan,02-11-1982,505529492
Haresh Bharath Kumar,04-04-1971,504578813
Shahid Serajol Hoque,01-02-1984,524035790
Sushil Mulji Bhatia,01-11-1957,551720940
Divya Pankaj Ghandi,25-11-2001,504675792
Karthikeyan Narayanasamy,06-01-1966,556542587
Ashapoorna Pattuvakaran,16-05-1981,544518845
Nikhil Alva,08-03-1984,562304751
Annu Mehta,19-03-1978,503673193
Mahesh krishnan,08-04-1977,558281976
Chandra Sekar Baidipati,29-12-1984,507081242
Sangeetha Woosi,16-05-1986,507081242
Sapna Neelangol,29-01-1996,528533160
Chandrashekhar Ramaprasad,03-05-2002,505565273
Rama Prabha,17-03-1982,509390955
Radhika Sekhar,08-08-1981,509639246
Vinod Rangwani,16-11-1978,508493973
Jinal Bhakta,29-12-1989,522569001
Mansha Vinod Aswani,15-01-1959,506456620
Vibali Bhandary,20-07-2006,503635023
Ashish Kulshreshtha,24-09-1970,565482684
Saritha Bhatia,31-07-1980,551097990
Venkateswaran Archana,09-11-1981,525705528
Sunil Alva,30-04-1970,503459640
Rajiv kunhiraman Kuniyil,30-07-1968,506558589
Loknath Sunder Shetty,20-05-1967,506352125
Amitabh Vyas Kamlesh,12-09-1970,507881749
Vihaan Gidwani,19-07-2012,503580819
Satej Dilip Salvi,20-05-1983,559723936
Benoy Sasi,02-03-1973,501524701
Sradhanjali Rout,03-10-1970,5555
Priya Advani Ramesh Kumar Lalwani,09-11-1977,564067563
Farrah Shahrush Keki,11-05-1967,505645986
Meenakshi Nanda Kumar,23-09-1980,557990154
Barkha Jain Shukla,04-08-1986,561329915
Mohini Mehta,23-01-1992,564099713
Rithesh Jaiswal,27-09-1981,561129184
Vihaan Bharathwaj,14-02-2021,561076297
Dr. Jewel Abraham,19-07-1986,557693804
 Sugandh Bhargava,03-09-1981,561230285
Nimisha Majumudar,22-01-1977,502637487
Preeti Gupta,04-03-1971,505256372
Nidhi Sudip Majithia,05-11-1990,523695551
Vedya Sajith Kumar,10-02-2007,502058637
Manghat Rajendran Gopinatha,11-04-1961,507620915
Rejani Rajan Charuvil,02-11-1982,507696798
Shailaja Yadav,01-09-1951,562188120
Elayatt Soman Nair,20-04-1963,503171518
Parth Yadav,17-01-2011,562188120
Anjali Nathankandiyil,15-03-1991,559355101
Deenu Sudesh,12-10-1990,556937368
Aryan Kumar Mulani,21-11-2003,506246529
Naman Pandey,17-10-1975,508098580
Rajeesha Raveendran,20-05-1976,552886979
Hema Haresh Nihalani,05-12-1973,505250891
Sameeksha Bhatia,04-03-1999,555532383
Rajkumar Gidwani,28-12-1968,506538547
Manjula Morekonda,06-10-1971,529297617
Usha Rajiv Kumar,26-08-1959,559950308
Sanoj Sukumaran,31-12-1981,554993890
Dr.Uma Harish,21-12-1969,566597229
Anjali Muraleedharan,08-03-1986,556358529
Niloofer Sayeed,11-02-1957,557009300
Brigida Malusha  Deunha,12-10-1977,526072294
Cecilia Thecla Moniz Darreil Bento,10-06-1978,561788265
Fathima Sheriff Mathilakathu,22-09-1984,504631308
Deepshikha,16-06-1990,524244373
Praboothika Vipin,30-01-1995,557209102
Kusum Garg Madan Lal,30-03-1935,505514882
Sarita Pasha,12-01-1960,507702360
Smitha Ravindran Nair,21-02-1983,504857789
Veena Khanchandani,06-02-1980,508413180
Onaolapo Arike Adegabi,05-07-1983,526481785
Riya Rajiv,12-08-1997,505546954
Marcela Araujo De Senna,18-08-1990,585441808
Swati Ravikumar Panicker,09-07-1968,552386208
Kritika Mahajan,02-06-1992,585070224
Sukaina Nilesh,15-01-1972,504582287
Pahal Sethia,29-04-2007,523066365
Shafiqa Ahmad Mohammed Fikree,07-11-1968,506449557
Sushma Arora,05-05-1960,569209700
Daniel Abadi Desta,24-05-1984,559977447
Majlinda Ben Suren,16-05-1980,582864463
Sameer Sheikh,20-12-1974,508497005
Chandra Dhar Pant,07-08-1954,503963959
Renuka Mehra Ravindra,21-04-1962,506568224
Shivadasan Velayudhan,14-05-1974,504917182
Bindu Khemchand Kundan Das,15-07-1948,557776989
Manoj Bood Poojary,05-11-1984,554040745
Prasad Parapurath,22-11-1985,566191471
Arezou Hossein Karoubi,04-04-1983,564661278
Amjad Pasha Khader,22-05-1958,507702360
Poonam Suresh Gehi,26-11-1954,505533472
Ashok Gupta,25-09-1976,567609238
Sandhya Ashok Pratap,09-07-1943,524013987
Sri Devi Musinada,15-10-1982,502398462
Ahmed Nasir Bashir,11-07-1962,506971916
Latha Raja,12-04-1967,504574580
Sanjay Kumar Thukral,26-07-1964,559715988
Varsha Ravinder Singh,07-05-1974,566630654
Kumaravadivel Elangovan,17-06-1978,508024893
Sushant Padmanabh Shenoy,14-08-1981,507089520
Padmini Sundar Mirani,13-11-1971,558543777
Cynthia Joseph Zaayter,22-07-1993,569496492
Mohammed Imran,08-11-1981,547936065
Geetha K,08-07-1979,566920299
Marina Francine E Verhaegen,24-11-1962,507191285
Jenna Darwish,22-02-2012,564431050
Ryan Darwish,22-02-2012,564431050
Kareem muthammed mahmoud Aly,07-08-1980,562165646
Antonios Alepoudakis,24-11-1997,506597600
Aftab Ahmed Muhammad Azam,05-10-1986,558483658
Maryam Mohd Ahmad Alsayegh,07-01-1943,506513939
Pushkar Thakuri,07-02-1985,559865054
Laura Lee Suzanne Victoria Laugier,08-04-1978,561239549
Usman Ali,04-05-1990,585973064
Risma Shaidi Ghazi,17-08-1987,585973064
Sham Ghassan Mohmoud Ibrahim,29-09-2011,557503390
Aiat Ibrahim Al Gani,01-07-1988,543303280
Baraa Ahmad Al Ghani,01-04-1995,555609067
Hamdan Mohd Hamdan Abdulla Alshamis,19-03-1986,502487578
Dina Ahmed Sadek Ahmed Emara,16-11-1983,566504504
Neeraj Devkishin Varyani,31-10-1989,563514772
Pravinchandra Devshi Jatnia,17-08-1950,567057898
Shainaz Yassin,17-02-1968,506455471
Mohammad Nejamuddin,10-12-1985,561778542
Adam E Debdeb,18-05-1998,508169719
Stanislav tarshyn,01-01-1960,506097498
Ali Zen Alabdin Nour Sayadi,01-06-1974,563522367
Thibault Claude Maurice Wautier,25-02-1986,549951544
Jelena Jesin,23-01-1995,561183556
Nadine Arab,11-02-1974,504826638
Aisha Jabin,01-01-1972,588144617
Sonia Faheel Raheel,18-08-1985,505520559
Esam Saqer Sultan,28-06-1982,505520559
Saira Mohsin Taimur Ali,25-10-1981,555917025
Bilal Baig,28-12-1978,566821213
Tariq iqbal,05-11-1974,507680879
Nadia Javed Butt,18-09-1978,558805979
Telma Filipa,23-10-1986,553898989
Jyoti Kamdar,19-10-1961,507490608
Danosch Zahedi Ahrami,30-07-1987,523636400
Rania Abdulrahman Kamal,28-04-1978,559533188
Abdullah Nasir,20-04-1993,529522692
Daniela Cossolin Chagas,02-04-1984,503422542
Masroor Ahmed Farooqi,28-05-1968,506971916
Faiz Farooqi,31-12-2000,506971916
Narendrakumar S Sampat,25-04-1948,506506142
Taruna Karamchandani,29-09-1992,502418816
Abhijith S Nair,14-10-1992,551099543
Rachana Gunaje,23-07-2004,505369655
kavya Chaoudri Natraj,07-04-1981,551059179
Gavaskar Polraj,28-11-1982,558182262
Elisha Martis,16-02-1998,528888584
Nidhi Krushabh Modi,12-11-1985,554324948
Ramakishan Toshniwal,01-06-1974,97713921
Suresh babu,30-05-1976,557070120
Srinivasan Sundara Krishnan,16-02-1987,565209233
Guppaji Nagra,14-03-1968,552133317
viral Prakashkumar Shah,10-09-1979,551507552
Rhea Anil Punjabi,07-10-2000,528754547
Anitha Ramanjani,30-05-1977,503282430
Hadiya Saleem,15-05-1978,566401376
Amitha Dcruz,09-01-1979,558015993
Jugwinder Singh Brar,15-03-1962,552171115
Hashmukh Samjibhai  Tarbundiya,02-10-1983,553210989
Dipti Jinoy,27-06-1981,555532506
Jigna Hemang Shah,10-06-1973,507596364
Prabhavathi,18-06-1955,506841952
Jeena Ajayaghosh Kamattathil,05-04-1979,557861493
Hemant Sharma Ramprakash,30-09-1978,506451944
Veena Kalwani,26-07-1992,504627917
VijayaSankar Renganathan,21-04-1978,558845651
Alladi Shyam Kumar Gupta,23-04-1971,504462508
Liji Verghese,22-12-1981,562347383
Ankur Gupta,06-11-1999,557613129
Abin Baby,01-01-1990,558190089
Kiran Ashok Tejwani,06-01-1976,505154888
Christine Lancaster,30-09-1990,521707009
Dhanya salim,28-05-1966,558815461
Ratan Choubisa,23-08-2001,529835914
Ritika Sahani,03-02-1988,559161527
Kausahalendra Tripathi,22-07-1967,502108575
Bhawna Sharma,29-05-1984,504583500
Nidhi Kapoor,03-03-1978,567481368
Chitradevi Chenuttuvan,25-04-1976,503619489
Lekha Chenguttuvan,28-08-2002,503619489
Sayed Suhail,29-03-1992,507340555
Padmaja Shailesh Lall,23-01-1973,566861536
Garima Sachdev Kapoor,28-12-1975,558812809
Ekta Purushotam  Prakash,25-09-1983,559963554
Minie Kapila,19-09-1963,504559149
Rahul Preeyush Garg,17-02-1998,558823797
pranita Preeyush Garg,07-02-2001,558823797
Musthafa Abdulhusein,24-07-1977,552901245
Vaibhavi Vishal,23-04-1981,526522365
Avinash Sushil Bhatia,18-04-1991,507914234
Ranbir Singh,04-01-2008,551026304
Foram Shah,27-07-1988,554665708
Prathik Shah,21-03-1986,557142441
Rajaram Narayan Subedi,03-06-1979,552993111
Deepu George,12-11-1984,563631648
Neil Dharmedra Sawlani,12-12-2012,505774005
Gulshan Ara,12-07-1982,505444189
 Navin Gupta,11-12-1974,527721879
Biswajit Kamal,17-03-1966,506146639
Shekhar Amrit,12-01-1952,569510465
Seema Dave,04-04-1964,506755964
Shameer Babu,27-05-1972,544555750
Rajesh  Kumar,27-05-1976,551098664
Muhammad Lllias,21-07-2017,506057474
Pratima Das,11-09-1947,565220155
Saita Das,29-12-1976,565220155
Kaushik Narottam Soni,12-01-1974,555287445
Kirti Singh,04-09-1992,527193123
Ravindra Seena Moolya,06-01-1980,551195181
Jyoti Omprakash Herekar,17-12-1951,506256007
yassin Ali HariderAli Vakl,15-04-1960,506455471
Aswathy Krishnan Nair,20-05-1979,553035481
Jaya Kumar Chandra,04-09-1971,505940558
Meetheel Prafulchandra Takra,26-01-1997,564467298
Lancy Dais Ambrose Dais,03-01-1981,552385870
Ravi Yashpal Singh Arora,20-03-1987,521740375
Vinita Sursh Chandra Marmat,11-09-1987,521740375
Dr Sudeep Bansidhar Mohapatra,07-04-1977,529630609
Prathana Nandwani,19-08-1990,554745383
Ashwini Gokhale,11-06-1969,503703757
Rajeev Kumar Tyagi,03-03-1977,505011039
Anuj Lohia,09-05-1978,503691575
Somasundaram,05-03-1951,527385878
Jasmi Shajan,01-01-1979,556712349
Swati Devidas Kalsait,30-05-1984,556576398
Rakesh wasan,08-08-1975,524661800
Payal Vinod Rattesar,26-03-1976,555164490
Sita Gautam,29-10-1971,555144767
Tushar Gupta Gopal Krishan,01-04-1986,506032006
Radhika Mangal,31-01-1977,567851033
Asha Sudheer,28-06-1973,544957880
Mrinalini mondkar,13-04-1974,509840306
Pramila Rodrigous,15-03-1974,507263980
Vijay Barlapudi,26-07-1980,504357836
Pramitha Manoj,15-05-1980,585921980
Ganesh Rahul Rao,18-11-1975,504287018
Suryanarayana Rao Vijayanarasimha,07-04-1965,507874255
Krishna Subramanian Iyer,08-01-1975,555470854
Anjana Tekwani Nanak Tekwani,20-09-1973,506798029
Navdeep Singh,15-03-1989,524244373
Banumathy Rajagopalan,10-10-1975,509873947
Janani Jayan,17-12-2005,504709367
Satvik Balaji,31-05-1994,508711162
Ankit Mathuria,23-04-1982,561889369
Thanushka Jeethendra,14-02-2012,567002850
Kavita Jaikishan Vishnani,30-03-1974,508761811
Shanyna Saxena,07-03-2013,561496549
Shaan Saxena,02-11-2008,561496549
Laxminarayan Nandalika Dadu,20-09-1964,505517292
Jai Prakash Shewkani Dipti,07-01-1974,522960594
Tarun Chadha,08-09-1973,502762496
Hritisha Das,05-02-2002,565220155
Manish Kaushik,08-04-1971,506563077
Mamta Kaushik,15-08-1971,506563077
Noor Ahmad Abdul Aziz,25-08-1964,506756108
Bhat Jayaram Bhagirath,15-07-1963,543072094
Jaideep Mirchandani,03-10-1968,503402509
Ananya Jaideep,13-08-2001,503402509
Ganga Mohan Arati,18-04-1981,551642248
Nina sanjay Jaitha,30-08-1968,506249192
Abhijeet Srivastava,23-07-1980,526085036
Barnard Monteiro Nobert,10-12-1968,506766171
Prakrithi Malhotra,13-05-1996,567926010
Balwant Singh,27-04-1975,561233600
Janvi Paresh Menghani,18-12-1981,521458488
Stuti,13-01-2005,503415051
Janmey,03-04-2008,503415051
Hari Thozhuthumparambil,31-05-1975,508489917
Aishwarya Agarwal,20-10-1994,564155232
Tushar Dattatray Tamore,15-08-1983,505582523
Harsh Datta,08-05-1984,509552803
Karthik Paresh Jadiya,26-01-2002,508092538
Melwyn Dcruz,13-01-1976,558015993
Suman Kheria,24-09-1975,506454103
Karl Khenneth Ebrahim,23-01-2001,568277309
Sarika Shivdas Kamdar,02-02-1976,588501235
Neha Surana,28-10-1989,506897375
Dhanalaxhmi Shridhar,09-10-1997,509769590
shubham Gupta,30-12-1997,506367068
Rajeevkumar Soundara Rajan,05-12-1987,585949286
Ashok Kumar Sundaram,08-01-1977,589937782
Jayakrishnan appukuttan Vanaja,27-05-1978,501237547
Suresh Murugan,04-10-1982,551511791
Usha Aruna Kumar,28-02-1974,506757002
Charu Pradeep,10-07-1984,561679220
Usha Goolappa Hosapalya Badriah,14-01-1985,503645660
Prasanna Udaya Shetty,24-07-1976,559596837
Paschal Nelson Machado,31-05-1968,562165892
Pritesh Surender Sharma,18-09-1974,563695522
Kavitha Kumaravadivel,26-04-1983,508024893
Najam Ud Din,03-06-1992,564031578
Ramanarayanan Srinivasan,16-07-1976,506178199
Adnan Shabbir,06-07-1978,507362785
Lubna Tanveer Munshu,10-12-1983,565534921
Rachana Anil Shah,23-05-1972,507085081
Deveshi Aggarwal,24-06-2011,505056319
Harikrishnan Padikkaparambil,15-03-1963,506586725
Skanda Kumar S C,01-07-1983,529186576
Nikita Thanwani,22-12-1991,507950331
Yedhant Jaiswal,13-11-2018,506897375
Girish Kunjibettu,15-10-1976,524755967
Saira Shanthi,11-08-1973,554488698
Mantaj Kang,25-03-1987,569293838
Prasanna Ramalingam,26-01-1985,529737309
Rishi Mohan Kottieth,31-05-1972,506254340
Soniya Duggal,29-07-1965,506587825
Rajeev Gopi Kesavan,12-11-1991,507910057
Sameer Thakrar,13-12-1979,564467298
Darmesh Ramchandra Sawant,25-02-1976,528499089
Deepali Dharmesh,20-07-1976,528499089
Geetha Preman,15-07-1970,506280116
Gopalan Preman,18-02-1960,506280116
Santhosh Kumar Sukumaran,04-01-1976,501776027
Bhupendra Shah,06-04-1953,506569511
Sanjyoti Vivek,21-06-1978,508779420
Mohammed Basheer,08-10-1987,566168707
Manha Fathima,29-05-2012,506057474
Vidushi Tiwari,09-11-2002,564110465
Anjali Bhatia,09-03-1973,555532383
Richa Gupta,30-11-1976,555360799
Aravinda Sanil,15-09-1972,505782483
Shankarlal Shivrambhai Patel,06-01-1985,501427129
Kiran Sharma,23-05-1976,545835115
Rajini Ghosh,17-11-1979,545835115
Seema Manu,31-03-1981,506583895
Sunita Chadha,11-01-1972,502371836
Sudha Pant,13-11-1959,503963959
Ritu Rampal,08-03-1963,504566704
Rinki Jalan,14-02-1983,585314144
Remya Seetharam,09-05-1987,569969839
Buvanesh Kumar,10-04-1986,552107068
Kamini Bhavik Negandhi,28-01-1972,506575702
Purva Kolhatkar,28-01-1990,503402540
Thomas Joseph Cherayil,10-08-1972,552441449
Nishi Subhash,05-11-1978,504709367
Rajeev Ranjan Awdesh,20-09-1986,558581876
Sudeep Chitre,30-05-1989,522569001
Ketankumar Jentilal Mahta,20-07-1983,562580406
Rangaji Ramachandran,22-05-1987,502449682
Jessica Joseph Ninama,12-11-1986,558746906
Purushothaman Aneesh,30-05-1974,564038127
Vishwanatham Karally Nair,07-01-1962,501278472
Benju Philip,02-03-1979,561529907
Anjali Paresh Jadiya,21-12-1978,508092538
Lakshmi Suresh,05-10-1984,552480711
Ishita Iyer,31-10-2004,503640442
Ruchi Rana,09-04-1970,503640442
Anannya Rajesh Popat,20-05-2001,509757437
Mohammed Rafique Shaikh,05-09-1977,508524591
Manpreet Kaur Gujral,01-01-1983,556171999
Sunayna Sethia,08-01-1981,523066365
Saket Khanduri,20-05-1977,504565846
Ranjeev Narsingh Jethwani,25-03-1970,504582287
Shaziya Shahab Hussain Sayyed,16-04-1988,501533979
Puneet Arora,20-01-1986,563691991
Satya Dileep,28-09-1985,527618786
Suvadeep Sinha,12-02-1972,525769661
Fatema Akbarali Bhindarwala,24-04-1975,569246767
Anand Achari,07-12-1985,566618544
Sunil Kumar Vakil,21-10-1968,529275030
Suneesh Kolathery Nakulan,13-12-1990,524186878
Mazhar AliSadiq Ali,08-04-1981,525865647
Chinnadurai Ammasi,30-10-1979,524982744
Tanveer Ibrahim Munshi Ibrahim,11-09-1974,543170480
Vanita Jai Rupani,10-01-1954,506226083
Lata Devi Dhira,13-05-1983,557361033
Harikumar Pillai,30-05-1959,505025702
Praveen Madhamil Kaiyath,30-10-1965,507379498
Nisha Rajesh,22-04-1983,504831755
Yuvraj Solanki,19-10-1993,557979202
kala Devi,24-05-1959,504288504
Dhaval Kalyanji,31-01-1973,503902903
Varun Bhatia,02-09-1984,502184041
Rakesh Nair,08-09-1981,557813395
Rishima Reshmi Nair,12-06-2009,502205584
